Domain,Lesson Title,Video Title,Video URL,Video ID,Lesson File,Status,Replacement URL
active_directory,Azure AD and Hybrid Identity Attacks,Unknown,https://www.youtube.com/watch?v=R-S3mmM0Ca4,R-S3mmM0Ca4,lesson_active_directory_59_azure_ad_and_hybrid_identity_attacks_RICH.json,broken,
active_directory,Azure AD and Hybrid Identity Attacks,Unknown,https://www.youtube.com/watch?v=eLAMNRjCmfs,eLAMNRjCmfs,lesson_active_directory_59_azure_ad_and_hybrid_identity_attacks_RICH.json,broken,
active_directory,AD CS Template Abuse and ESC Vulnerabilities,AD CS ESC Vulnerabilities - SpecterOps,https://www.youtube.com/watch?v=XRhX02H0yJU,XRhX02H0yJU,lesson_active_directory_60_ad_cs_template_abuse_and_esc_vulnerabilities_RICH.json,broken,
active_directory,NTLM Relay and Coercion Attacks,Active Directory Fundamentals - Pentester Academy,https://www.youtube.com/watch?v=lFwJVWx2ulQ,lFwJVWx2ulQ,lesson_active_directory_61_ntlm_relay_and_coercion_attacks_RICH.json,broken,
active_directory,Shadow Credentials and Key Trust Attacks,Active Directory Fundamentals - Pentester Academy,https://www.youtube.com/watch?v=lFwJVWx2ulQ,lFwJVWx2ulQ,lesson_active_directory_62_shadow_credentials_and_key_trust_attacks_RICH.json,broken,
active_directory,Active Directory Federation Services Attacks,Active Directory Fundamentals - Pentester Academy,https://www.youtube.com/watch?v=lFwJVWx2ulQ,lFwJVWx2ulQ,lesson_active_directory_63_active_directory_federation_services_attacks_RICH.json,broken,
active_directory,LAPS and Credential Guard Bypass,Active Directory Fundamentals - Pentester Academy,https://www.youtube.com/watch?v=lFwJVWx2ulQ,lFwJVWx2ulQ,lesson_active_directory_64_laps_and_credential_guard_bypass_RICH.json,broken,
active_directory,Domain Dominance and Advanced Persistence,Malware Analysis Fundamentals - SANS,https://www.youtube.com/watch?v=qJz6pHsP7YQ,qJz6pHsP7YQ,lesson_active_directory_65_domain_dominance_and_advanced_persistence_RICH.json,broken,
active_directory,AD Recovery and Post-Breach Remediation,Incident Response Process - SANS,https://www.youtube.com/watch?v=0lXvRz6G1Wk,0lXvRz6G1Wk,lesson_active_directory_66_ad_recovery_and_post_breach_remediation_RICH.json,broken,
ai_security,Machine Learning Security Fundamentals,Active Directory Fundamentals - Pentester Academy,https://www.youtube.com/watch?v=lFwJVWx2ulQ,lFwJVWx2ulQ,lesson_ai_security_01_machine_learning_security_fundamentals_RICH.json,broken,
ai_security,AI ML Model Attacks and Defense,Adversarial Machine Learning - Two Minute Papers,https://www.youtube.com/watch?v=CIfsB_EYsVI,CIfsB_EYsVI,lesson_ai_security_02_ai_ml_model_attacks_and_defense_RICH.json,valid,
ai_security,LLM Security and Prompt Injection,SQL Injection Explained - Computerphile,https://www.youtube.com/watch?v=ciNHn38EyRc,ciNHn38EyRc,lesson_ai_security_03_llm_security_and_prompt_injection_RICH.json,valid,
ai_security,OWASP LLM01: Prompt Injection Attacks and Defenses,Unknown,https://www.youtube.com/watch?v=r3R_EkaVtYY,r3R_EkaVtYY,lesson_ai_security_04_owasp_llm01_prompt_injection_attacks_and_defenses_RICH.json,valid,
ai_security,OWASP LLM02: Sensitive Information Disclosure,Unknown,https://www.youtube.com/watch?v=ZJSphsNyq5M,ZJSphsNyq5M,lesson_ai_security_05_owasp_llm02_sensitive_information_disclosure_RICH.json,valid,
ai_security,OWASP LLM03: Supply Chain Vulnerabilities,Unknown,https://www.youtube.com/watch?v=rAK2OtCi_xI,rAK2OtCi_xI,lesson_ai_security_06_owasp_llm03_supply_chain_vulnerabilities_RICH.json,valid,
ai_security,OWASP LLM04: Data and Model Poisoning,Unknown,https://www.youtube.com/watch?v=dErRdUBNXzQ,dErRdUBNXzQ,lesson_ai_security_07_owasp_llm04_data_and_model_poisoning_RICH.json,valid,
ai_security,OWASP LLM05: Improper Output Handling,Unknown,https://www.youtube.com/watch?v=gxOhz9yMF2c,gxOhz9yMF2c,lesson_ai_security_08_owasp_llm05_improper_output_handling_RICH.json,valid,
ai_security,OWASP LLM06: Excessive Agency,Unknown,https://www.youtube.com/watch?v=N9u-r7VhgjA,N9u-r7VhgjA,lesson_ai_security_09_owasp_llm06_excessive_agency_RICH.json,valid,
ai_security,OWASP LLM07: System Prompt Leakage,Unknown,https://www.youtube.com/watch?v=GU385mFHM1w,GU385mFHM1w,lesson_ai_security_10_owasp_llm07_system_prompt_leakage_RICH.json,valid,
ai_security,OWASP LLM08: Vector and Embedding Weaknesses,AWS Security Best Practices - FreeCodeCamp,https://www.youtube.com/watch?v=kLCKVBMXkKE,kLCKVBMXkKE,lesson_ai_security_11_owasp_llm08_vector_and_embedding_weaknesses_RICH.json,broken,
ai_security,OWASP LLM09: Misinformation and Hallucination,LLM Security and Prompt Injection - Computerphile,https://www.youtube.com/watch?v=CUjnA4w-vBw,CUjnA4w-vBw,lesson_ai_security_12_owasp_llm09_misinformation_and_hallucination_RICH.json,broken,
ai_security,OWASP LLM10: Unbounded Consumption,LLM Security and Prompt Injection - Computerphile,https://www.youtube.com/watch?v=CUjnA4w-vBw,CUjnA4w-vBw,lesson_ai_security_13_owasp_llm10_unbounded_consumption_RICH.json,broken,
blue_team,Alert Triage and Investigation,SIEM Fundamentals - Splunk Tutorial,https://www.youtube.com/watch?v=GJK1wzHp_LE,GJK1wzHp_LE,lesson_blue_team_18_alert_triage_and_investigation_RICH.json,broken,
blue_team,Security Playbook Development,AWS Security Best Practices - FreeCodeCamp,https://www.youtube.com/watch?v=kLCKVBMXkKE,kLCKVBMXkKE,lesson_blue_team_19_security_playbook_development_RICH.json,broken,
blue_team,Security Automation and Orchestration,AWS Security Best Practices - FreeCodeCamp,https://www.youtube.com/watch?v=kLCKVBMXkKE,kLCKVBMXkKE,lesson_blue_team_20_security_automation_and_orchestration_RICH.json,broken,
blue_team,Purple Team Exercises and Collaboration,Web Application Penetration Testing - HackerSploit,https://www.youtube.com/watch?v=X4eRbHgRawI,X4eRbHgRawI,lesson_blue_team_21_purple_team_exercises_and_collaboration_RICH.json,valid,
blue_team,Sigma Rule Development,Detection Engineering - SpecterOps,https://www.youtube.com/watch?v=zKrthemLKqQ,zKrthemLKqQ,lesson_blue_team_52_sigma_rule_development_RICH.json,broken,
blue_team,YARA Rule Creation for Defense,SIEM Fundamentals - Splunk Tutorial,https://www.youtube.com/watch?v=GJK1wzHp_LE,GJK1wzHp_LE,lesson_blue_team_53_yara_rule_creation_for_defense_RICH.json,broken,
blue_team,Custom EDR Detection Development,EDR vs Antivirus - What's the Difference - NetworkChuck,https://www.youtube.com/watch?v=vnqUxKgxYC4,vnqUxKgxYC4,lesson_blue_team_54_custom_edr_detection_development_RICH.json,broken,
blue_team,Detection Engineering Metrics and Testing,Web Application Penetration Testing - HackerSploit,https://www.youtube.com/watch?v=X4eRbHgRawI,X4eRbHgRawI,lesson_blue_team_55_detection_engineering_metrics_and_testing_RICH.json,valid,
blue_team,Threat Intelligence for Detection,Threat Hunting Fundamentals - SANS,https://www.youtube.com/watch?v=Xg5CClMxp_o,Xg5CClMxp_o,lesson_blue_team_56_threat_intelligence_for_detection_RICH.json,broken,
blue_team,Threat Intelligence Platforms - MISP and OpenCTI,Unknown,https://www.youtube.com/watch?v=qj94WjkIQ1M,qj94WjkIQ1M,lesson_blue_team_57_threat_intelligence_platforms_misp_and_opencti_RICH.json,valid,
blue_team,Hayabusa and Sigma Rule Detection,Unknown,https://www.youtube.com/watch?v=9Jr8Bp6oqdQ,9Jr8Bp6oqdQ,lesson_blue_team_58_hayabusa_and_sigma_rule_detection_RICH.json,valid,
cloud,AWS Macie and Data Loss Prevention,Detection Engineering - SpecterOps,https://www.youtube.com/watch?v=zKrthemLKqQ,zKrthemLKqQ,lesson_cloud_17_aws_macie_and_data_loss_prevention_RICH.json,broken,
cloud,Azure Sentinel and Security Operations,SIEM Fundamentals - Splunk Tutorial,https://www.youtube.com/watch?v=GJK1wzHp_LE,GJK1wzHp_LE,lesson_cloud_18_azure_sentinel_and_security_operations_RICH.json,broken,
cloud,Microsoft Defender for Cloud,AWS Security Best Practices - FreeCodeCamp,https://www.youtube.com/watch?v=kLCKVBMXkKE,kLCKVBMXkKE,lesson_cloud_19_microsoft_defender_for_cloud_RICH.json,broken,
cloud,GCP Security Command Center,AWS Security Best Practices - FreeCodeCamp,https://www.youtube.com/watch?v=kLCKVBMXkKE,kLCKVBMXkKE,lesson_cloud_20_gcp_security_command_center_RICH.json,broken,
cloud,Multi-Cloud Security Architecture,AWS Security Best Practices - FreeCodeCamp,https://www.youtube.com/watch?v=kLCKVBMXkKE,kLCKVBMXkKE,lesson_cloud_21_multi_cloud_security_architecture_RICH.json,broken,
cloud,Cloud Incident Response and Forensics,Memory Forensics with Volatility - 13Cubed,https://www.youtube.com/watch?v=BMFCdAGxVN4,BMFCdAGxVN4,lesson_cloud_22_cloud_incident_response_and_forensics_RICH.json,valid,
cloud,Cloud Forensics Foundations and Evidence Sources,Unknown,https://www.youtube.com/watch?v=DfLJEZqKnxc,DfLJEZqKnxc,lesson_cloud_23_cloud_forensics_foundations_and_evidence_sources_RICH.json,valid,
cloud,Microsoft 365 Unified Audit Log Analysis,Unknown,https://www.youtube.com/watch?v=s_RVlkUmu4M,s_RVlkUmu4M,lesson_cloud_24_microsoft_365_unified_audit_log_analysis_RICH.json,valid,
cloud,Microsoft Graph API for Forensic Data Collection,Unknown,https://www.youtube.com/watch?v=tujX1Xj8OWY,tujX1Xj8OWY,lesson_cloud_25_microsoft_graph_api_for_forensic_data_collection_RICH.json,valid,
cloud,Azure Activity and Diagnostic Logs,Unknown,https://www.youtube.com/watch?v=UVGsHp5lGcg,UVGsHp5lGcg,lesson_cloud_26_azure_activity_and_diagnostic_logs_RICH.json,valid,
cloud,Azure Virtual Machine Forensics,Unknown,https://www.youtube.com/watch?v=O44dLfs8PQs,O44dLfs8PQs,lesson_cloud_27_azure_virtual_machine_forensics_RICH.json,valid,
cloud,Azure Storage Account Forensics,Unknown,https://www.youtube.com/watch?v=O44dLfs8PQs,O44dLfs8PQs,lesson_cloud_28_azure_storage_account_forensics_RICH.json,valid,
cloud,Azure Virtual Network Forensics,Unknown,https://www.youtube.com/watch?v=O44dLfs8PQs,O44dLfs8PQs,lesson_cloud_29_azure_virtual_network_forensics_RICH.json,valid,
cloud,Deploying Forensic Tools in Azure,Unknown,https://www.youtube.com/watch?v=O44dLfs8PQs,O44dLfs8PQs,lesson_cloud_30_deploying_forensic_tools_in_azure_RICH.json,valid,
cloud,AWS Identity and CloudTrail Fundamentals,Unknown,https://www.youtube.com/watch?v=Qt9lhzFhW_c,Qt9lhzFhW_c,lesson_cloud_31_aws_identity_and_cloudtrail_fundamentals_RICH.json,valid,
cloud,AWS VPC Flow Logs and Network Forensics,Unknown,https://www.youtube.com/watch?v=noBOOD7uLJE,noBOOD7uLJE,lesson_cloud_32_aws_vpc_flow_logs_and_network_forensics_RICH.json,valid,
cloud,AWS EC2 Instance Forensics,Unknown,https://www.youtube.com/watch?v=AHsCzNP5RDs,AHsCzNP5RDs,lesson_cloud_33_aws_ec2_instance_forensics_RICH.json,valid,
cloud,AWS S3 Bucket Forensics,Unknown,https://www.youtube.com/watch?v=LEFikziGL6s,LEFikziGL6s,lesson_cloud_34_aws_s3_bucket_forensics_RICH.json,valid,
cloud,AWS Native Log Searching and Analysis,Unknown,https://www.youtube.com/watch?v=aZeuLOIgnck,aZeuLOIgnck,lesson_cloud_35_aws_native_log_searching_and_analysis_RICH.json,valid,
cloud,Kubernetes Architecture for Forensics,Unknown,https://www.youtube.com/watch?v=mWVv0vN3heY,mWVv0vN3heY,lesson_cloud_36_kubernetes_architecture_for_forensics_RICH.json,valid,
cloud,Kubernetes Logging and Forensics,Unknown,https://www.youtube.com/watch?v=9UjaVftFqGI,9UjaVftFqGI,lesson_cloud_37_kubernetes_logging_and_forensics_RICH.json,valid,
cloud,Common Kubernetes Attacks and Detection,Unknown,https://www.youtube.com/watch?v=KKGePS4hj9M,KKGePS4hj9M,lesson_cloud_38_common_kubernetes_attacks_and_detection_RICH.json,valid,
cloud,Google Workspace Audit Logs,Unknown,https://www.youtube.com/watch?v=NKdNSMGTPAc,NKdNSMGTPAc,lesson_cloud_39_google_workspace_audit_logs_RICH.json,valid,
cloud,Accessing Google Workspace Evidence,Unknown,https://www.youtube.com/watch?v=BCeKGj-WT1o,BCeKGj-WT1o,lesson_cloud_40_accessing_google_workspace_evidence_RICH.json,valid,
cloud,Investigating Google Workspace Incidents,Unknown,https://www.youtube.com/watch?v=PYNNUZe9rk8,PYNNUZe9rk8,lesson_cloud_41_investigating_google_workspace_incidents_RICH.json,valid,
cloud,Google Cloud IAM and Logging,Unknown,https://www.youtube.com/watch?v=xQClVtAECdg,xQClVtAECdg,lesson_cloud_42_google_cloud_iam_and_logging_RICH.json,valid,
cloud,Google Compute Engine Forensics,Unknown,https://www.youtube.com/watch?v=ODEae1LpwAE,ODEae1LpwAE,lesson_cloud_43_google_compute_engine_forensics_RICH.json,valid,
cloud,Google Cloud Storage Forensics,Unknown,https://www.youtube.com/watch?v=WKDkWOvM9mo,WKDkWOvM9mo,lesson_cloud_44_google_cloud_storage_forensics_RICH.json,valid,
cloud,Google Cloud VPC and Network Forensics,Unknown,https://www.youtube.com/watch?v=NNTZX5cg3lU,NNTZX5cg3lU,lesson_cloud_45_google_cloud_vpc_and_network_forensics_RICH.json,valid,
dfir,Linux Process Enumeration with Volatility,Linux Forensics Fundamentals - 13Cubed,https://www.youtube.com/watch?v=oNgQX8E5gPs,oNgQX8E5gPs,lesson_dfir_100_linux_process_enumeration_with_volatility_RICH.json,broken,
dfir,Linux Command History from Memory,Memory Forensics with Volatility - 13Cubed,https://www.youtube.com/watch?v=BMFCdAGxVN4,BMFCdAGxVN4,lesson_dfir_101_linux_command_history_from_memory_RICH.json,valid,
dfir,Linux Network Activity Analysis from Memory,Memory Forensics with Volatility - 13Cubed,https://www.youtube.com/watch?v=BMFCdAGxVN4,BMFCdAGxVN4,lesson_dfir_102_linux_network_activity_analysis_from_memory_RICH.json,valid,
dfir,Detecting Code Injection in Linux Memory,Memory Forensics with Volatility - 13Cubed,https://www.youtube.com/watch?v=BMFCdAGxVN4,BMFCdAGxVN4,lesson_dfir_103_detecting_code_injection_in_linux_memory_RICH.json,valid,
dfir,Dumping Processes and Files from Linux Memory,Memory Forensics with Volatility - 13Cubed,https://www.youtube.com/watch?v=BMFCdAGxVN4,BMFCdAGxVN4,lesson_dfir_104_dumping_processes_and_files_from_linux_memory_RICH.json,valid,
dfir,Additional Volatility Linux Plugins,Linux Forensics Fundamentals - 13Cubed,https://www.youtube.com/watch?v=oNgQX8E5gPs,oNgQX8E5gPs,lesson_dfir_105_additional_volatility_linux_plugins_RICH.json,broken,
dfir,Linux Memory Forensics Case Study,Memory Forensics with Volatility - 13Cubed,https://www.youtube.com/watch?v=BMFCdAGxVN4,BMFCdAGxVN4,lesson_dfir_106_linux_memory_forensics_case_study_RICH.json,valid,
dfir,Linux Live Response with UAC,Incident Response Process - SANS,https://www.youtube.com/watch?v=0lXvRz6G1Wk,0lXvRz6G1Wk,lesson_dfir_107_linux_live_response_with_uac_RICH.json,broken,
dfir,Linux Live Response Best Practices,Memory Forensics with Volatility - 13Cubed,https://www.youtube.com/watch?v=BMFCdAGxVN4,BMFCdAGxVN4,lesson_dfir_108_linux_live_response_best_practices_RICH.json,valid,
dfir,Linux Forensics Case Study Part 1 Disk Analysis,Memory Forensics with Volatility - 13Cubed,https://www.youtube.com/watch?v=BMFCdAGxVN4,BMFCdAGxVN4,lesson_dfir_109_linux_forensics_case_study_part_1_disk_analysis_RICH.json,valid,
dfir,Linux Forensics Capstone Lab,Memory Forensics with Volatility - 13Cubed,https://www.youtube.com/watch?v=BMFCdAGxVN4,BMFCdAGxVN4,lesson_dfir_111_linux_forensics_capstone_lab_RICH.json,valid,
dfir,AWS Intrusion Case Study Lab,Unknown,https://www.youtube.com/watch?v=rTDxoShW58s,rTDxoShW58s,lesson_dfir_112_aws_intrusion_case_study_lab_RICH.json,valid,
dfir,Multi-Cloud Intrusion Capstone Challenge,Unknown,https://www.youtube.com/watch?v=8LP9akZaJzU,8LP9akZaJzU,lesson_dfir_113_multi_cloud_intrusion_capstone_challenge_RICH.json,valid,
dfir,Windows Forensics Foundations and Data Triage,Unknown,https://www.youtube.com/watch?v=mKUZx1z9dxo,mKUZx1z9dxo,lesson_dfir_114_windows_forensics_foundations_and_data_triage_RICH.json,valid,
dfir,Windows NTFS File System Forensics,Unknown,https://www.youtube.com/watch?v=mKUZx1z9dxo,mKUZx1z9dxo,lesson_dfir_115_windows_ntfs_file_system_forensics_RICH.json,valid,
dfir,Windows Image Mounting and File Carving,Unknown,https://www.youtube.com/watch?v=M7bMfdmWR7A,M7bMfdmWR7A,lesson_dfir_116_windows_image_mounting_and_file_carving_RICH.json,valid,
dfir,Volume Shadow Copies and Memory Analysis,Unknown,https://www.youtube.com/watch?v=RTaIL4P4Hso,RTaIL4P4Hso,lesson_dfir_117_volume_shadow_copies_and_memory_analysis_RICH.json,valid,
dfir,Windows Registry Forensics Core,Unknown,https://www.youtube.com/watch?v=bhlGmjOaEl0,bhlGmjOaEl0,lesson_dfir_118_windows_registry_forensics_core_RICH.json,valid,
dfir,Windows User Profiling and System Information,Unknown,https://www.youtube.com/watch?v=ehxJZAGUaxY,ehxJZAGUaxY,lesson_dfir_119_windows_user_profiling_and_system_information_RICH.json,valid,
dfir,The Windows Registry Fundamentals,Windows Registry Forensics - 13Cubed,https://www.youtube.com/watch?v=2Kn0TDbKqYw,2Kn0TDbKqYw,lesson_dfir_11_windows_registry_fundamentals_RICH.json,broken,
dfir,Windows Application Execution Artifacts,Unknown,https://www.youtube.com/watch?v=mKUZx1z9dxo,mKUZx1z9dxo,lesson_dfir_120_windows_application_execution_artifacts_RICH.json,valid,
dfir,Cloud Storage Forensics - OneDrive and Google Drive,Unknown,https://www.youtube.com/watch?v=PuNZZUaBD6k,PuNZZUaBD6k,lesson_dfir_121_cloud_storage_forensics_onedrive_and_google_drive_RICH.json,valid,
dfir,Windows Shell Items and ShellBags,Unknown,https://www.youtube.com/watch?v=mKUZx1z9dxo,mKUZx1z9dxo,lesson_dfir_122_windows_shell_items_and_shellbags_RICH.json,valid,
dfir,USB Device and BYOD Forensics,Unknown,https://www.youtube.com/watch?v=PuNZZUaBD6k,PuNZZUaBD6k,lesson_dfir_123_usb_device_and_byod_forensics_RICH.json,valid,
dfir,Windows Email Forensics,Unknown,https://www.youtube.com/watch?v=mKUZx1z9dxo,mKUZx1z9dxo,lesson_dfir_124_windows_email_forensics_RICH.json,valid,
dfir,Windows Search Database Forensics,Unknown,https://www.youtube.com/watch?v=mKUZx1z9dxo,mKUZx1z9dxo,lesson_dfir_125_windows_search_database_forensics_RICH.json,valid,
dfir,Windows Event Log Analysis,Unknown,https://www.youtube.com/watch?v=G8XjSO_eshc,G8XjSO_eshc,lesson_dfir_126_windows_event_log_analysis_RICH.json,valid,
dfir,SRUM and Network Activity Forensics,Unknown,https://www.youtube.com/watch?v=3NjZdhnQhCA,3NjZdhnQhCA,lesson_dfir_127_srum_and_network_activity_forensics_RICH.json,valid,
dfir,Web Browser Forensics - Chrome and Edge,Unknown,https://www.youtube.com/watch?v=-yg2eR6rajM,-yg2eR6rajM,lesson_dfir_128_web_browser_forensics_chrome_and_edge_RICH.json,valid,
dfir,Web Browser Forensics - Firefox and Internet Explorer,Unknown,https://www.youtube.com/watch?v=mKUZx1z9dxo,mKUZx1z9dxo,lesson_dfir_129_web_browser_forensics_firefox_and_internet_explorer_RICH.json,valid,
dfir,Mastering ShimCache Analysis with AppCompatCacheParser,ShimCache Forensics - 13Cubed,https://www.youtube.com/watch?v=fSD4GJzqr2w,fSD4GJzqr2w,lesson_dfir_12_appcompatcacheparser_RICH.json,broken,
dfir,NTUSER.DAT Analysis,Windows Registry Forensics - 13Cubed,https://www.youtube.com/watch?v=2Kn0TDbKqYw,2Kn0TDbKqYw,lesson_dfir_12_ntuser_dat_analysis_RICH.json,broken,
dfir,Electron and WebView2 Application Forensics,Unknown,https://www.youtube.com/watch?v=mKUZx1z9dxo,mKUZx1z9dxo,lesson_dfir_130_electron_and_webview2_application_forensics_RICH.json,valid,
dfir,Advanced Browser Artifact Recovery,Unknown,https://www.youtube.com/watch?v=PuNZZUaBD6k,PuNZZUaBD6k,lesson_dfir_131_advanced_browser_artifact_recovery_RICH.json,valid,
dfir,Windows Forensics Capstone Challenge,Unknown,https://www.youtube.com/watch?v=mKUZx1z9dxo,mKUZx1z9dxo,lesson_dfir_132_windows_forensics_capstone_challenge_RICH.json,valid,
dfir,EDR Technology and EDR Bypass Techniques,Unknown,https://www.youtube.com/watch?v=9h0UvuRVQTQ,9h0UvuRVQTQ,lesson_dfir_133_edr_technology_and_edr_bypass_techniques_RICH.json,valid,
dfir,Scaling Incident Response with Velociraptor,Unknown,https://www.youtube.com/watch?v=M7bMfdmWR7A,M7bMfdmWR7A,lesson_dfir_134_scaling_incident_response_with_velociraptor_RICH.json,valid,
dfir,Scaling Analysis with Elasticsearch and Kibana,Unknown,https://www.youtube.com/watch?v=Ub_qHhvWieM,Ub_qHhvWieM,lesson_dfir_135_scaling_analysis_with_elasticsearch_and_kibana_RICH.json,valid,
dfir,Rapid Response Triage at Scale,Unknown,https://www.youtube.com/watch?v=mKUZx1z9dxo,mKUZx1z9dxo,lesson_dfir_136_rapid_response_triage_at_scale_RICH.json,valid,
dfir,Modern Ransomware Attack Patterns,Unknown,https://www.youtube.com/watch?v=1VEQcuuNDJc,1VEQcuuNDJc,lesson_dfir_137_modern_ransomware_attack_patterns_RICH.json,valid,
dfir,Living Off the Land Techniques and Detection,Unknown,https://www.youtube.com/watch?v=DOYpPv3ai4o,DOYpPv3ai4o,lesson_dfir_138_living_off_the_land_techniques_and_detection_RICH.json,valid,
dfir,Linux Incident Response Fundamentals,Unknown,https://www.youtube.com/watch?v=mKUZx1z9dxo,mKUZx1z9dxo,lesson_dfir_139_linux_incident_response_fundamentals_RICH.json,valid,
dfir,High-Fidelity String Hunting with bstrings,Windows Registry Forensics - 13Cubed,https://www.youtube.com/watch?v=2Kn0TDbKqYw,2Kn0TDbKqYw,lesson_dfir_13_bstrings_RICH.json,broken,
dfir,UsrClass.dat and ShellBags Analysis,Windows Registry Forensics - 13Cubed,https://www.youtube.com/watch?v=2Kn0TDbKqYw,2Kn0TDbKqYw,lesson_dfir_13_usrclass_shellbags_analysis_RICH.json,broken,
dfir,Linux Privilege Escalation and Persistence,Unknown,https://www.youtube.com/watch?v=mKUZx1z9dxo,mKUZx1z9dxo,lesson_dfir_140_linux_privilege_escalation_and_persistence_RICH.json,valid,
dfir,Advanced Linux Log Analysis for IR,Unknown,https://www.youtube.com/watch?v=Xw536W7kbDQ,Xw536W7kbDQ,lesson_dfir_141_advanced_linux_log_analysis_for_ir_RICH.json,valid,
dfir,Linux Triage Collection and Forensic Readiness,Unknown,https://www.youtube.com/watch?v=Wmmx8B29TNI,Wmmx8B29TNI,lesson_dfir_142_linux_triage_collection_and_forensic_readiness_RICH.json,valid,
dfir,macOS Foundations for Incident Response,Unknown,https://www.youtube.com/watch?v=31AKr4QDjO8,31AKr4QDjO8,lesson_dfir_143_macos_foundations_for_incident_response_RICH.json,valid,
dfir,macOS Forensic Acquisition and Analysis,Unknown,https://www.youtube.com/watch?v=wmU3MlHZxg8,wmU3MlHZxg8,lesson_dfir_144_macos_forensic_acquisition_and_analysis_RICH.json,valid,
dfir,macOS Incident Response Techniques,Unknown,https://www.youtube.com/watch?v=31AKr4QDjO8,31AKr4QDjO8,lesson_dfir_145_macos_incident_response_techniques_RICH.json,valid,
dfir,Docker Containers in the Enterprise,Unknown,https://www.youtube.com/watch?v=8LP9akZaJzU,8LP9akZaJzU,lesson_dfir_146_docker_containers_in_the_enterprise_RICH.json,valid,
dfir,Container Forensics and Incident Response,Unknown,https://www.youtube.com/watch?v=ehxJZAGUaxY,ehxJZAGUaxY,lesson_dfir_147_container_forensics_and_incident_response_RICH.json,valid,
dfir,Cloud DFIR Fundamentals,Unknown,https://www.youtube.com/watch?v=eftOgRsHK4A,eftOgRsHK4A,lesson_dfir_148_cloud_dfir_fundamentals_RICH.json,valid,
dfir,Microsoft 365 and Azure AD Incident Response,Unknown,https://www.youtube.com/watch?v=tmzHDI9JUaY,tmzHDI9JUaY,lesson_dfir_149_microsoft_365_and_azure_ad_incident_response_RICH.json,valid,
dfir,Common Attacks Against Azure and M365,Unknown,https://www.youtube.com/watch?v=PuNZZUaBD6k,PuNZZUaBD6k,lesson_dfir_150_common_attacks_against_azure_and_m365_RICH.json,valid,
dfir,AWS Foundations for Incident Response,Unknown,https://www.youtube.com/watch?v=bY8UjFW0k3I,bY8UjFW0k3I,lesson_dfir_151_aws_foundations_for_incident_response_RICH.json,valid,
dfir,AWS Incident Response Workflows,Unknown,https://www.youtube.com/watch?v=3TscWve42Bs,3TscWve42Bs,lesson_dfir_152_aws_incident_response_workflows_RICH.json,valid,
dfir,Cloud IR Automation and Architecture,Unknown,https://www.youtube.com/watch?v=ehxJZAGUaxY,ehxJZAGUaxY,lesson_dfir_153_cloud_ir_automation_and_architecture_RICH.json,valid,
dfir,Live Windows Threat Hunting with PowerShell,Unknown,https://www.youtube.com/watch?v=GWzCL3yhc0w,GWzCL3yhc0w,lesson_dfir_154_live_windows_threat_hunting_with_powershell_RICH.json,valid,
dfir,Malware Analysis in Safe Environments,Unknown,https://www.youtube.com/watch?v=mKUZx1z9dxo,mKUZx1z9dxo,lesson_dfir_155_malware_analysis_in_safe_environments_RICH.json,valid,
dfir,Windows SMB Security Investigation,Unknown,https://www.youtube.com/watch?v=mKUZx1z9dxo,mKUZx1z9dxo,lesson_dfir_156_windows_smb_security_investigation_RICH.json,valid,
dfir,Password Hash Collection and Analysis,Unknown,https://www.youtube.com/watch?v=mKUZx1z9dxo,mKUZx1z9dxo,lesson_dfir_157_password_hash_collection_and_analysis_RICH.json,valid,
dfir,Network Forensics Foundations,Unknown,https://www.youtube.com/watch?v=3NjZdhnQhCA,3NjZdhnQhCA,lesson_dfir_158_network_forensics_foundations_RICH.json,valid,
dfir,Packet Capture and PCAP Analysis Basics,Unknown,https://www.youtube.com/watch?v=mKUZx1z9dxo,mKUZx1z9dxo,lesson_dfir_159_packet_capture_and_pcap_analysis_basics_RICH.json,valid,
dfir,Jump List Artifact Intelligence with JLECmd,Windows Registry Forensics - 13Cubed,https://www.youtube.com/watch?v=2Kn0TDbKqYw,2Kn0TDbKqYw,lesson_dfir_15_jlecmd_RICH.json,broken,
dfir,Extracting Files from Network Traffic,Unknown,https://www.youtube.com/watch?v=PuNZZUaBD6k,PuNZZUaBD6k,lesson_dfir_160_extracting_files_from_network_traffic_RICH.json,valid,
dfir,Network Evidence Collection and Preservation,Unknown,https://www.youtube.com/watch?v=SU_dKHmW1YM,SU_dKHmW1YM,lesson_dfir_161_network_evidence_collection_and_preservation_RICH.json,valid,
dfir,DNS Protocol Forensics,Unknown,https://www.youtube.com/watch?v=Ub_qHhvWieM,Ub_qHhvWieM,lesson_dfir_162_dns_protocol_forensics_RICH.json,valid,
dfir,HTTP and HTTPS Traffic Analysis,Unknown,https://www.youtube.com/watch?v=Ub_qHhvWieM,Ub_qHhvWieM,lesson_dfir_163_http_and_https_traffic_analysis_RICH.json,valid,
dfir,Email Protocol Forensics (SMTP POP3 IMAP),Unknown,https://www.youtube.com/watch?v=PuNZZUaBD6k,PuNZZUaBD6k,lesson_dfir_164_email_protocol_forensics_smtp_pop3_imap_RICH.json,valid,
dfir,Log Aggregation and SIEM Integration,Unknown,https://www.youtube.com/watch?v=rTDxoShW58s,rTDxoShW58s,lesson_dfir_165_log_aggregation_and_siem_integration_RICH.json,valid,
dfir,Network Protocol Baselining,Unknown,https://www.youtube.com/watch?v=d8MH836d2kY,d8MH836d2kY,lesson_dfir_166_network_protocol_baselining_RICH.json,valid,
dfir,NetFlow Fundamentals and Analysis,Unknown,https://www.youtube.com/watch?v=0QDKFacLMDU,0QDKFacLMDU,lesson_dfir_167_netflow_fundamentals_and_analysis_RICH.json,valid,
dfir,NetFlow for Incident Scoping,Unknown,https://www.youtube.com/watch?v=cXVu2w0YBbk,cXVu2w0YBbk,lesson_dfir_168_netflow_for_incident_scoping_RICH.json,valid,
dfir,SMB and CIFS Protocol Forensics,Unknown,https://www.youtube.com/watch?v=k3RxOqftzsU,k3RxOqftzsU,lesson_dfir_169_smb_and_cifs_protocol_forensics_RICH.json,valid,
dfir,Shortcut Forensics with LECmd,Windows Registry Forensics - 13Cubed,https://www.youtube.com/watch?v=2Kn0TDbKqYw,2Kn0TDbKqYw,lesson_dfir_16_lecmd_RICH.json,broken,
dfir,Windows Prefetch Analysis,Windows Prefetch Analysis - 13Cubed,https://www.youtube.com/watch?v=f4RAtR_7nFk,f4RAtR_7nFk,lesson_dfir_16_windows_prefetch_analysis_RICH.json,broken,
dfir,NFS and Network File System Forensics,Unknown,https://www.youtube.com/watch?v=mKUZx1z9dxo,mKUZx1z9dxo,lesson_dfir_170_nfs_and_network_file_system_forensics_RICH.json,valid,
dfir,FTP and File Transfer Protocol Analysis,Unknown,https://www.youtube.com/watch?v=M7bMfdmWR7A,M7bMfdmWR7A,lesson_dfir_171_ftp_and_file_transfer_protocol_analysis_RICH.json,valid,
dfir,Zeek (Bro) Network Security Monitor,Unknown,https://www.youtube.com/watch?v=2l9p102V6Xw,2l9p102V6Xw,lesson_dfir_172_zeek_bro_network_security_monitor_RICH.json,valid,
dfir,Commercial Network Forensic Tools,Unknown,https://www.youtube.com/watch?v=3NjZdhnQhCA,3NjZdhnQhCA,lesson_dfir_173_commercial_network_forensic_tools_RICH.json,valid,
dfir,Wireless Network Forensics Fundamentals,Unknown,https://www.youtube.com/watch?v=pSDB8Qmh7TQ,pSDB8Qmh7TQ,lesson_dfir_174_wireless_network_forensics_fundamentals_RICH.json,valid,
dfir,Wireless Attack Detection and Investigation,Unknown,https://www.youtube.com/watch?v=PuNZZUaBD6k,PuNZZUaBD6k,lesson_dfir_175_wireless_attack_detection_and_investigation_RICH.json,valid,
dfir,Full Packet Threat Hunting Techniques,Unknown,https://www.youtube.com/watch?v=SV92uOhAl0U,SV92uOhAl0U,lesson_dfir_176_full_packet_threat_hunting_techniques_RICH.json,valid,
dfir,SSL TLS Decryption and Analysis,Unknown,https://www.youtube.com/watch?v=ehxJZAGUaxY,ehxJZAGUaxY,lesson_dfir_177_ssl_tls_decryption_and_analysis_RICH.json,valid,
dfir,SSH and Encrypted Tunnel Analysis,Unknown,https://www.youtube.com/watch?v=Ub_qHhvWieM,Ub_qHhvWieM,lesson_dfir_178_ssh_and_encrypted_tunnel_analysis_RICH.json,valid,
dfir,Custom Protocol Reverse Engineering,Unknown,https://www.youtube.com/watch?v=31AKr4QDjO8,31AKr4QDjO8,lesson_dfir_179_custom_protocol_reverse_engineering_RICH.json,valid,
dfir,Shimcache (AppCompatCache) Forensics,ShimCache Forensics - 13Cubed,https://www.youtube.com/watch?v=fSD4GJzqr2w,fSD4GJzqr2w,lesson_dfir_17_shimcache_forensics_RICH.json,broken,
dfir,Network OPSEC for Forensic Analysts,Unknown,https://www.youtube.com/watch?v=mKUZx1z9dxo,mKUZx1z9dxo,lesson_dfir_180_network_opsec_for_forensic_analysts_RICH.json,valid,
dfir,Network Intelligence and Attribution,Unknown,https://www.youtube.com/watch?v=ehxJZAGUaxY,ehxJZAGUaxY,lesson_dfir_181_network_intelligence_and_attribution_RICH.json,valid,
dfir,Advanced Network Forensics Capstone,Unknown,https://www.youtube.com/watch?v=3NjZdhnQhCA,3NjZdhnQhCA,lesson_dfir_182_advanced_network_forensics_capstone_RICH.json,valid,
dfir,Malware Persistence Identification at Scale,Unknown,https://www.youtube.com/watch?v=bY8UjFW0k3I,bY8UjFW0k3I,lesson_dfir_183_malware_persistence_identification_at_scale_RICH.json,valid,
dfir,Credential Theft Prevention and Detection,Unknown,https://www.youtube.com/watch?v=PuNZZUaBD6k,PuNZZUaBD6k,lesson_dfir_184_credential_theft_prevention_and_detection_RICH.json,valid,
dfir,Advanced Evidence of Execution Detection,Unknown,https://www.youtube.com/watch?v=PuNZZUaBD6k,PuNZZUaBD6k,lesson_dfir_185_advanced_evidence_of_execution_detection_RICH.json,valid,
dfir,Lateral Movement TTP Detection,Unknown,https://www.youtube.com/watch?v=9h0UvuRVQTQ,9h0UvuRVQTQ,lesson_dfir_186_lateral_movement_ttp_detection_RICH.json,valid,
dfir,Advanced Log Analysis for IR,Unknown,https://www.youtube.com/watch?v=Xw536W7kbDQ,Xw536W7kbDQ,lesson_dfir_187_advanced_log_analysis_for_ir_RICH.json,valid,
dfir,Investigating WMI-Based Attacks,Unknown,https://www.youtube.com/watch?v=ePYqJ-JhdnQ,ePYqJ-JhdnQ,lesson_dfir_188_investigating_wmi_based_attacks_RICH.json,valid,
dfir,PowerShell Attack Investigation,Unknown,https://www.youtube.com/watch?v=x7E7EHxgrwA,x7E7EHxgrwA,lesson_dfir_189_powershell_attack_investigation_RICH.json,valid,
dfir,AmCache Analysis,Windows Prefetch Analysis - 13Cubed,https://www.youtube.com/watch?v=f4RAtR_7nFk,f4RAtR_7nFk,lesson_dfir_18_amcache_analysis_RICH.json,broken,
dfir,Windows Prefetch Investigations with PECmd,Windows Prefetch Analysis - 13Cubed,https://www.youtube.com/watch?v=f4RAtR_7nFk,f4RAtR_7nFk,lesson_dfir_18_pecmd_RICH.json,broken,
dfir,Memory Forensics for Malware Detection,Unknown,https://www.youtube.com/watch?v=QDfmLUHNzXg,QDfmLUHNzXg,lesson_dfir_190_memory_forensics_for_malware_detection_RICH.json,valid,
dfir,Memory Analysis for PowerShell and Ransomware,Unknown,https://www.youtube.com/watch?v=mKUZx1z9dxo,mKUZx1z9dxo,lesson_dfir_191_memory_analysis_for_powershell_and_ransomware_RICH.json,valid,
dfir,Malware Defense and Mitigation,Unknown,https://www.youtube.com/watch?v=ePYqJ-JhdnQ,ePYqJ-JhdnQ,lesson_dfir_192_malware_defense_and_mitigation_RICH.json,valid,
dfir,Filesystem Timeline Analysis,Unknown,https://www.youtube.com/watch?v=M7bMfdmWR7A,M7bMfdmWR7A,lesson_dfir_193_filesystem_timeline_analysis_RICH.json,valid,
dfir,Super Timeline Creation and Analysis,Unknown,https://www.youtube.com/watch?v=31AKr4QDjO8,31AKr4QDjO8,lesson_dfir_194_super_timeline_creation_and_analysis_RICH.json,valid,
dfir,Volume Shadow Copy Advanced Analysis,Unknown,https://www.youtube.com/watch?v=RTaIL4P4Hso,RTaIL4P4Hso,lesson_dfir_195_volume_shadow_copy_advanced_analysis_RICH.json,valid,
dfir,Advanced NTFS Filesystem Forensics,Unknown,https://www.youtube.com/watch?v=mKUZx1z9dxo,mKUZx1z9dxo,lesson_dfir_196_advanced_ntfs_filesystem_forensics_RICH.json,valid,
dfir,Advanced Evidence Recovery Techniques,Unknown,https://www.youtube.com/watch?v=9h0UvuRVQTQ,9h0UvuRVQTQ,lesson_dfir_197_advanced_evidence_recovery_techniques_RICH.json,valid,
dfir,APT Threat Group IR Capstone Challenge,Unknown,https://www.youtube.com/watch?v=SV92uOhAl0U,SV92uOhAl0U,lesson_dfir_198_apt_threat_group_ir_capstone_challenge_RICH.json,valid,
dfir,Ransomware Ecosystem and Evolution,Unknown,https://www.youtube.com/watch?v=3wxASaGpzVM,3wxASaGpzVM,lesson_dfir_199_ransomware_ecosystem_and_evolution_RICH.json,valid,
dfir,"Program Compatibility Assistant, MUICache, and UserAssist",Windows Registry Forensics - 13Cubed,https://www.youtube.com/watch?v=2Kn0TDbKqYw,2Kn0TDbKqYw,lesson_dfir_19_pca_muicache_userassist_RICH.json,broken,
dfir,Recycle Bin Intelligence with RBCmd,Windows Registry Forensics - 13Cubed,https://www.youtube.com/watch?v=2Kn0TDbKqYw,2Kn0TDbKqYw,lesson_dfir_19_rbcmd_RICH.json,broken,
dfir,Ransomware Forensic Artifact Collection,Unknown,https://www.youtube.com/watch?v=1VEQcuuNDJc,1VEQcuuNDJc,lesson_dfir_200_ransomware_forensic_artifact_collection_RICH.json,valid,
dfir,Ransomware IR Process Application,Unknown,https://www.youtube.com/watch?v=mKUZx1z9dxo,mKUZx1z9dxo,lesson_dfir_201_ransomware_ir_process_application_RICH.json,valid,
dfir,Windows Artifacts for Ransomware Analysis,Unknown,https://www.youtube.com/watch?v=1VEQcuuNDJc,1VEQcuuNDJc,lesson_dfir_202_windows_artifacts_for_ransomware_analysis_RICH.json,valid,
dfir,At-Scale Analysis with Timesketch and Kibana,Unknown,https://www.youtube.com/watch?v=PuNZZUaBD6k,PuNZZUaBD6k,lesson_dfir_203_at_scale_analysis_with_timesketch_and_kibana_RICH.json,valid,
dfir,Ransomware Initial Access Techniques,Unknown,https://www.youtube.com/watch?v=mKUZx1z9dxo,mKUZx1z9dxo,lesson_dfir_204_ransomware_initial_access_techniques_RICH.json,valid,
dfir,Malicious Attachment and Link Analysis,Unknown,https://www.youtube.com/watch?v=ehxJZAGUaxY,ehxJZAGUaxY,lesson_dfir_205_malicious_attachment_and_link_analysis_RICH.json,valid,
dfir,Malicious RDP Activity Detection,Unknown,https://www.youtube.com/watch?v=PuNZZUaBD6k,PuNZZUaBD6k,lesson_dfir_206_malicious_rdp_activity_detection_RICH.json,valid,
dfir,Ransomware Scripting and Obfuscation,Unknown,https://www.youtube.com/watch?v=mKUZx1z9dxo,mKUZx1z9dxo,lesson_dfir_207_ransomware_scripting_and_obfuscation_RICH.json,valid,
dfir,Ransomware Privilege Escalation,Unknown,https://www.youtube.com/watch?v=KqRsRPhipVk,KqRsRPhipVk,lesson_dfir_208_ransomware_privilege_escalation_RICH.json,valid,
dfir,Ransomware Credential Access Techniques,Unknown,https://www.youtube.com/watch?v=nBhNWExMYWQ,nBhNWExMYWQ,lesson_dfir_209_ransomware_credential_access_techniques_RICH.json,valid,
dfir,System Resource Usage Monitor (SRUM) Forensics,Memory Forensics with Volatility - 13Cubed,https://www.youtube.com/watch?v=BMFCdAGxVN4,BMFCdAGxVN4,lesson_dfir_20_srum_execution_forensics_RICH.json,valid,
dfir,Ransomware Lateral Movement Methods,Unknown,https://www.youtube.com/watch?v=mKUZx1z9dxo,mKUZx1z9dxo,lesson_dfir_210_ransomware_lateral_movement_methods_RICH.json,valid,
dfir,Active Directory Attacks in Ransomware,Unknown,https://www.youtube.com/watch?v=RInZCqF62ac,RInZCqF62ac,lesson_dfir_211_active_directory_attacks_in_ransomware_RICH.json,valid,
dfir,Ransomware Data Access and Exfiltration,Unknown,https://www.youtube.com/watch?v=dWt42hShPAA,dWt42hShPAA,lesson_dfir_212_ransomware_data_access_and_exfiltration_RICH.json,valid,
dfir,Hunting Ransomware Operators,Unknown,https://www.youtube.com/watch?v=-WHw6Kw6kAw,-WHw6Kw6kAw,lesson_dfir_213_hunting_ransomware_operators_RICH.json,valid,
dfir,Ransomware IR CTF Challenge,Unknown,https://www.youtube.com/watch?v=N2EWbF585_s,N2EWbF585_s,lesson_dfir_214_ransomware_ir_ctf_challenge_RICH.json,valid,
dfir,Shellbag Deep Dives with SBECmd,Windows Registry Forensics - 13Cubed,https://www.youtube.com/watch?v=2Kn0TDbKqYw,2Kn0TDbKqYw,lesson_dfir_21_sbecmd_RICH.json,broken,
dfir,Evidence of Execution Detection Lab,Timeline Analysis for DFIR - SANS DFIR Summit,https://www.youtube.com/watch?v=dFKC-4RLBGw,dFKC-4RLBGw,lesson_dfir_22_execution_detection_lab_RICH.json,broken,
dfir,SQLite Artifact Automation with SQLECmd,Windows Registry Forensics - 13Cubed,https://www.youtube.com/watch?v=2Kn0TDbKqYw,2Kn0TDbKqYw,lesson_dfir_22_sqlecmd_RICH.json,broken,
dfir,Windows Services and Scheduled Tasks Forensics,Windows Registry Forensics - 13Cubed,https://www.youtube.com/watch?v=2Kn0TDbKqYw,2Kn0TDbKqYw,lesson_dfir_23_services_scheduled_tasks_forensics_RICH.json,broken,
dfir,Windows Timeline Investigations with WxTCmd,Windows Registry Forensics - 13Cubed,https://www.youtube.com/watch?v=2Kn0TDbKqYw,2Kn0TDbKqYw,lesson_dfir_23_wxtcmd_RICH.json,broken,
dfir,LSASS and NTDS.dit Credential Theft Detection,Memory Forensics with Volatility - 13Cubed,https://www.youtube.com/watch?v=BMFCdAGxVN4,BMFCdAGxVN4,lesson_dfir_24_lsass_ntds_credential_theft_RICH.json,valid,
dfir,Mastering Correlated DFIR Timelines with Timeline Explorer,Windows Registry Forensics - 13Cubed,https://www.youtube.com/watch?v=2Kn0TDbKqYw,2Kn0TDbKqYw,lesson_dfir_24_timelineexplorer_RICH.json,broken,
dfir,Deep Dive into log2timeline and Plaso Timeline Forensics,Memory Forensics with Volatility - 13Cubed,https://www.youtube.com/watch?v=BMFCdAGxVN4,BMFCdAGxVN4,lesson_dfir_25_log2timeline_plaso_RICH.json,valid,
dfir,"Lateral Movement: SMB, RDP, WMI, PsExec, and UAL Analysis",Memory Forensics with Volatility - 13Cubed,https://www.youtube.com/watch?v=BMFCdAGxVN4,BMFCdAGxVN4,lesson_dfir_25_smb_rdp_wmi_psexec_ual_analysis_RICH.json,valid,
dfir,NTFS Fundamentals and Metafiles,NTFS Forensics - MFT Analysis - 13Cubed,https://www.youtube.com/watch?v=2EH8ZYH8bYY,2EH8ZYH8bYY,lesson_dfir_26_ntfs_fundamentals_metafiles_RICH.json,broken,
dfir,Master File Table (MFT) Analysis,NTFS Forensics - MFT Analysis - 13Cubed,https://www.youtube.com/watch?v=2EH8ZYH8bYY,2EH8ZYH8bYY,lesson_dfir_27_mft_analysis_RICH.json,broken,
dfir,MACB Timestamps and Timeline Analysis,Timeline Analysis for DFIR - SANS DFIR Summit,https://www.youtube.com/watch?v=dFKC-4RLBGw,dFKC-4RLBGw,lesson_dfir_28_macb_timestamps_timeline_RICH.json,broken,
dfir,USN Journal and $I30 Index Analysis,Timeline Analysis for DFIR - SANS DFIR Summit,https://www.youtube.com/watch?v=dFKC-4RLBGw,dFKC-4RLBGw,lesson_dfir_29_usn_journal_i30_analysis_RICH.json,broken,
dfir,NTFS Forensics Integration Lab,Windows Prefetch Analysis - 13Cubed,https://www.youtube.com/watch?v=f4RAtR_7nFk,f4RAtR_7nFk,lesson_dfir_30_ntfs_forensics_integration_lab_RICH.json,broken,
dfir,Windows Recycle Bin Forensics,Windows Registry Forensics - 13Cubed,https://www.youtube.com/watch?v=2Kn0TDbKqYw,2Kn0TDbKqYw,lesson_dfir_31_windows_recycle_bin_forensics_RICH.json,broken,
dfir,Permanent Deletion and Unallocated Space Analysis,Timeline Analysis for DFIR - SANS DFIR Summit,https://www.youtube.com/watch?v=dFKC-4RLBGw,dFKC-4RLBGw,lesson_dfir_32_permanent_deletion_unallocated_analysis_RICH.json,broken,
dfir,File Carving with PhotoRec and Scalpel,Active Directory Fundamentals - Pentester Academy,https://www.youtube.com/watch?v=lFwJVWx2ulQ,lFwJVWx2ulQ,lesson_dfir_33_file_carving_photorec_scalpel_RICH.json,broken,
dfir,LNK File Analysis,Windows Registry Forensics - 13Cubed,https://www.youtube.com/watch?v=2Kn0TDbKqYw,2Kn0TDbKqYw,lesson_dfir_34_lnk_file_analysis_RICH.json,broken,
dfir,Jump Lists Forensics: Application-Specific File Access Tracking,Memory Forensics with Volatility - 13Cubed,https://www.youtube.com/watch?v=BMFCdAGxVN4,BMFCdAGxVN4,lesson_dfir_35_jump_lists_forensics_RICH.json,valid,
dfir,The Sleuth Kit: fls and mactime for MACB Timeline Creation,Timeline Analysis for DFIR - SANS DFIR Summit,https://www.youtube.com/watch?v=dFKC-4RLBGw,dFKC-4RLBGw,lesson_dfir_36_sleuth_kit_fls_mactime_RICH.json,broken,
dfir,Plaso and Log2Timeline: Automated Super-Timeline Generation,Timeline Analysis for DFIR - SANS DFIR Summit,https://www.youtube.com/watch?v=dFKC-4RLBGw,dFKC-4RLBGw,lesson_dfir_37_plaso_log2timeline_RICH.json,broken,
dfir,MFTECmd and Timeline Integration: Advanced MFT Analysis and Unified Forensic Workflows,Timeline Analysis for DFIR - SANS DFIR Summit,https://www.youtube.com/watch?v=dFKC-4RLBGw,dFKC-4RLBGw,lesson_dfir_38_mftecmd_timeline_integration_RICH.json,broken,
dfir,"Web Browser Forensics: Chrome, Firefox, and Edge Analysis",Memory Forensics with Volatility - 13Cubed,https://www.youtube.com/watch?v=BMFCdAGxVN4,BMFCdAGxVN4,lesson_dfir_39_web_browser_forensics_RICH.json,valid,
dfir,Windows Activity Timeline: ActivitiesCache.db Forensics,Windows Registry Forensics - 13Cubed,https://www.youtube.com/watch?v=2Kn0TDbKqYw,2Kn0TDbKqYw,lesson_dfir_41_windows_activity_timeline_RICH.json,broken,
dfir,Windows Search Index Forensics: ESE Database Analysis,Windows Registry Forensics - 13Cubed,https://www.youtube.com/watch?v=2Kn0TDbKqYw,2Kn0TDbKqYw,lesson_dfir_42_windows_search_index_forensics_RICH.json,broken,
dfir,Windows Memory Forensics Fundamentals: RAM Analysis Essentials,Windows Registry Forensics - 13Cubed,https://www.youtube.com/watch?v=2Kn0TDbKqYw,2Kn0TDbKqYw,lesson_dfir_43_windows_memory_fundamentals_RICH.json,broken,
dfir,Volatility 3 Framework: Memory Analysis Fundamentals,Memory Forensics with Volatility - 13Cubed,https://www.youtube.com/watch?v=BMFCdAGxVN4,BMFCdAGxVN4,lesson_dfir_44_volatility3_framework_RICH.json,valid,
dfir,DLL and Handle Analysis: Detecting Code Injection and Persistence,Timeline Analysis for DFIR - SANS DFIR Summit,https://www.youtube.com/watch?v=dFKC-4RLBGw,dFKC-4RLBGw,lesson_dfir_45_dll_handle_analysis_RICH.json,broken,
dfir,Network Connection Analysis in Memory: Detecting C2 and Lateral Movement,Windows Registry Forensics - 13Cubed,https://www.youtube.com/watch?v=2Kn0TDbKqYw,2Kn0TDbKqYw,lesson_dfir_46_network_connections_memory_RICH.json,broken,
dfir,Registry Analysis in Memory: Extracting Hive Data and Persistence Artifacts,Windows Registry Forensics - 13Cubed,https://www.youtube.com/watch?v=2Kn0TDbKqYw,2Kn0TDbKqYw,lesson_dfir_47_registry_memory_analysis_RICH.json,broken,
dfir,Process Memory Dumping and Malware Extraction from RAM,Memory Forensics with Volatility - 13Cubed,https://www.youtube.com/watch?v=BMFCdAGxVN4,BMFCdAGxVN4,lesson_dfir_48_process_memory_dumping_RICH.json,valid,
dfir,YARA Scanning in Memory: Detecting Malware Families in RAM,Memory Forensics with Volatility - 13Cubed,https://www.youtube.com/watch?v=BMFCdAGxVN4,BMFCdAGxVN4,lesson_dfir_49_yara_memory_scanning_RICH.json,valid,
dfir,Credential Extraction from LSASS: Recovering Passwords and Hashes from Memory,Windows Registry Forensics - 13Cubed,https://www.youtube.com/watch?v=2Kn0TDbKqYw,2Kn0TDbKqYw,lesson_dfir_50_credential_extraction_lsass_RICH.json,broken,
dfir,Code Injection Detection and Analysis,Timeline Analysis for DFIR - SANS DFIR Summit,https://www.youtube.com/watch?v=dFKC-4RLBGw,dFKC-4RLBGw,lesson_dfir_51_code_injection_detection_RICH.json,broken,
dfir,Process Hollowing and Atom Bombing Detection,Nmap Tutorial - NetworkChuck,https://www.youtube.com/watch?v=4t4kBkMsDbQ,4t4kBkMsDbQ,lesson_dfir_53_process_hollowing_atom_bombing_RICH.json,valid,
dfir,Rootkit Detection in Memory Forensics,Memory Forensics with Volatility - 13Cubed,https://www.youtube.com/watch?v=BMFCdAGxVN4,BMFCdAGxVN4,lesson_dfir_54_rootkit_detection_techniques_RICH.json,valid,
dfir,Advanced Malware Unpacking in Memory,Memory Forensics with Volatility - 13Cubed,https://www.youtube.com/watch?v=BMFCdAGxVN4,BMFCdAGxVN4,lesson_dfir_55_advanced_malware_unpacking_RICH.json,valid,
dfir,Memory Timeline Reconstruction and Analysis,Memory Forensics with Volatility - 13Cubed,https://www.youtube.com/watch?v=BMFCdAGxVN4,BMFCdAGxVN4,lesson_dfir_56_memory_timeline_reconstruction_RICH.json,valid,
dfir,"Cloud Memory Forensics: AWS, Azure, and GCP",Memory Forensics with Volatility - 13Cubed,https://www.youtube.com/watch?v=BMFCdAGxVN4,BMFCdAGxVN4,lesson_dfir_57_cloud_memory_forensics_RICH.json,valid,
dfir,Linux Memory Forensics with Volatility,Memory Forensics with Volatility - 13Cubed,https://www.youtube.com/watch?v=BMFCdAGxVN4,BMFCdAGxVN4,lesson_dfir_58_linux_memory_forensics_RICH.json,valid,
dfir,macOS Memory Forensics with OSXPMem and Volatility,Memory Forensics with Volatility - 13Cubed,https://www.youtube.com/watch?v=BMFCdAGxVN4,BMFCdAGxVN4,lesson_dfir_59_macos_memory_forensics_RICH.json,valid,
dfir,Mobile Memory Forensics - iOS and Android Analysis,Memory Forensics with Volatility - 13Cubed,https://www.youtube.com/watch?v=BMFCdAGxVN4,BMFCdAGxVN4,lesson_dfir_60_mobile_memory_forensics_RICH.json,valid,
dfir,Memory Forensics at Scale - Automation and Enterprise Threat Hunting,Memory Forensics with Volatility - 13Cubed,https://www.youtube.com/watch?v=BMFCdAGxVN4,BMFCdAGxVN4,lesson_dfir_61_memory_forensics_automation_scale_RICH.json,valid,
dfir,Advanced Memory Forensics Case Study - APT Investigation,Memory Forensics with Volatility - 13Cubed,https://www.youtube.com/watch?v=BMFCdAGxVN4,BMFCdAGxVN4,lesson_dfir_62_memory_forensics_case_study_apt_RICH.json,valid,
dfir,Anti-Forensics and Evasion Detection in Memory,Memory Forensics with Volatility - 13Cubed,https://www.youtube.com/watch?v=BMFCdAGxVN4,BMFCdAGxVN4,lesson_dfir_63_anti_forensics_evasion_detection_RICH.json,valid,
dfir,Memory Forensics in Virtual and Container Environments,Memory Forensics with Volatility - 13Cubed,https://www.youtube.com/watch?v=BMFCdAGxVN4,BMFCdAGxVN4,lesson_dfir_64_virtual_container_memory_forensics_RICH.json,valid,
dfir,Advanced Memory Analysis - Firmware and Embedded Systems,Memory Forensics with Volatility - 13Cubed,https://www.youtube.com/watch?v=BMFCdAGxVN4,BMFCdAGxVN4,lesson_dfir_65_firmware_embedded_systems_memory_RICH.json,valid,
dfir,Memory Forensics Research and Tool Development,Memory Forensics with Volatility - 13Cubed,https://www.youtube.com/watch?v=BMFCdAGxVN4,BMFCdAGxVN4,lesson_dfir_66_memory_forensics_research_tool_dev_RICH.json,valid,
dfir,Memory Forensics Mastery - Career Development and Future Trends,Memory Forensics with Volatility - 13Cubed,https://www.youtube.com/watch?v=BMFCdAGxVN4,BMFCdAGxVN4,lesson_dfir_67_memory_forensics_mastery_career_RICH.json,valid,
dfir,Linux Forensics Fundamentals and Distributions,Memory Forensics with Volatility - 13Cubed,https://www.youtube.com/watch?v=BMFCdAGxVN4,BMFCdAGxVN4,lesson_dfir_71_linux_forensics_fundamentals_RICH.json,valid,
dfir,Linux Root Directory Structure and File Hierarchy,Linux Forensics Fundamentals - 13Cubed,https://www.youtube.com/watch?v=oNgQX8E5gPs,oNgQX8E5gPs,lesson_dfir_72_linux_root_directory_structure_RICH.json,broken,
dfir,Linux File and Directory Permissions,Linux Forensics Fundamentals - 13Cubed,https://www.youtube.com/watch?v=oNgQX8E5gPs,oNgQX8E5gPs,lesson_dfir_73_linux_file_directory_permissions_RICH.json,broken,
dfir,"Linux Users, Groups, and Authentication",Memory Forensics with Volatility - 13Cubed,https://www.youtube.com/watch?v=BMFCdAGxVN4,BMFCdAGxVN4,lesson_dfir_74_linux_users_groups_authentication_RICH.json,valid,
dfir,Linux Shells and Command History Forensics,Unknown,https://www.youtube.com/watch?v=mKUZx1z9dxo,mKUZx1z9dxo,lesson_dfir_75_linux_command_history_forensics_RICH.json,valid,
dfir,Linux Authentication and Security Logs,Timeline Analysis for DFIR - SANS DFIR Summit,https://www.youtube.com/watch?v=dFKC-4RLBGw,dFKC-4RLBGw,lesson_dfir_76_linux_authentication_security_logs_RICH.json,broken,
dfir,Linux System Logging Architecture,Memory Forensics with Volatility - 13Cubed,https://www.youtube.com/watch?v=BMFCdAGxVN4,BMFCdAGxVN4,lesson_dfir_77_linux_system_logging_architecture_RICH.json,valid,
dfir,Linux auditd Framework for Forensics,Memory Forensics with Volatility - 13Cubed,https://www.youtube.com/watch?v=BMFCdAGxVN4,BMFCdAGxVN4,lesson_dfir_78_linux_auditd_framework_for_forensics_RICH.json,valid,
dfir,Sysmon for Linux,Linux Forensics Fundamentals - 13Cubed,https://www.youtube.com/watch?v=oNgQX8E5gPs,oNgQX8E5gPs,lesson_dfir_79_sysmon_for_linux_RICH.json,broken,
dfir,VMware ESXi and vCenter Linux Logging,Linux Forensics Fundamentals - 13Cubed,https://www.youtube.com/watch?v=oNgQX8E5gPs,oNgQX8E5gPs,lesson_dfir_80_vmware_esxi_and_vcenter_linux_logging_RICH.json,broken,
dfir,ext2 File System Forensics,Memory Forensics with Volatility - 13Cubed,https://www.youtube.com/watch?v=BMFCdAGxVN4,BMFCdAGxVN4,lesson_dfir_81_ext2_file_system_forensics_RICH.json,valid,
dfir,ext3 File System Forensics,Memory Forensics with Volatility - 13Cubed,https://www.youtube.com/watch?v=BMFCdAGxVN4,BMFCdAGxVN4,lesson_dfir_82_ext3_file_system_forensics_RICH.json,valid,
dfir,ext4 File System Forensics,Memory Forensics with Volatility - 13Cubed,https://www.youtube.com/watch?v=BMFCdAGxVN4,BMFCdAGxVN4,lesson_dfir_83_ext4_file_system_forensics_RICH.json,valid,
dfir,Linux File System Analysis with Sleuth Kit,Timeline Analysis for DFIR - SANS DFIR Summit,https://www.youtube.com/watch?v=dFKC-4RLBGw,dFKC-4RLBGw,lesson_dfir_84_linux_file_system_analysis_with_sleuth_kit_RICH.json,broken,
dfir,Linux Timestomping Detection,Linux Forensics Fundamentals - 13Cubed,https://www.youtube.com/watch?v=oNgQX8E5gPs,oNgQX8E5gPs,lesson_dfir_85_linux_timestomping_detection_RICH.json,broken,
dfir,Btrfs and XFS File Systems,Incident Response Process - SANS,https://www.youtube.com/watch?v=0lXvRz6G1Wk,0lXvRz6G1Wk,lesson_dfir_86_btrfs_and_xfs_file_systems_RICH.json,broken,
dfir,OpenZFS File System Forensics,Memory Forensics with Volatility - 13Cubed,https://www.youtube.com/watch?v=BMFCdAGxVN4,BMFCdAGxVN4,lesson_dfir_87_openzfs_file_system_forensics_RICH.json,valid,
dfir,init.d and systemd Services Forensics,Memory Forensics with Volatility - 13Cubed,https://www.youtube.com/watch?v=BMFCdAGxVN4,BMFCdAGxVN4,lesson_dfir_88_init_d_and_systemd_services_forensics_RICH.json,valid,
dfir,systemd Timers and Cron Jobs,Memory Forensics with Volatility - 13Cubed,https://www.youtube.com/watch?v=BMFCdAGxVN4,BMFCdAGxVN4,lesson_dfir_89_systemd_timers_and_cron_jobs_RICH.json,valid,
dfir,SSH Keys and Authentication Artifacts,Memory Forensics with Volatility - 13Cubed,https://www.youtube.com/watch?v=BMFCdAGxVN4,BMFCdAGxVN4,lesson_dfir_90_ssh_keys_and_authentication_artifacts_RICH.json,valid,
dfir,Additional Linux Persistence Techniques,Linux Forensics Fundamentals - 13Cubed,https://www.youtube.com/watch?v=oNgQX8E5gPs,oNgQX8E5gPs,lesson_dfir_91_additional_linux_persistence_techniques_RICH.json,broken,
dfir,dd dcfldd and dc3dd for Linux Imaging,Linux Forensics Fundamentals - 13Cubed,https://www.youtube.com/watch?v=oNgQX8E5gPs,oNgQX8E5gPs,lesson_dfir_92_dd_dcfldd_and_dc3dd_for_linux_imaging_RICH.json,broken,
dfir,Acquire Volatile Memory for Linux (AVML),Memory Forensics with Volatility - 13Cubed,https://www.youtube.com/watch?v=BMFCdAGxVN4,BMFCdAGxVN4,lesson_dfir_93_acquire_volatile_memory_for_linux_avml_RICH.json,valid,
dfir,Unix-like Artifacts Collector (UAC),Incident Response Process - SANS,https://www.youtube.com/watch?v=0lXvRz6G1Wk,0lXvRz6G1Wk,lesson_dfir_94_unix_like_artifacts_collector_uac_RICH.json,broken,
dfir,Linux Virtualized Environment Forensics,Memory Forensics with Volatility - 13Cubed,https://www.youtube.com/watch?v=BMFCdAGxVN4,BMFCdAGxVN4,lesson_dfir_95_linux_virtualized_environment_forensics_RICH.json,valid,
dfir,Sleuth Kit fls and mactime for Linux,Timeline Analysis for DFIR - SANS DFIR Summit,https://www.youtube.com/watch?v=dFKC-4RLBGw,dFKC-4RLBGw,lesson_dfir_96_sleuth_kit_fls_and_mactime_for_linux_RICH.json,broken,
dfir,Plaso and Log2Timeline for Linux,Linux Forensics Fundamentals - 13Cubed,https://www.youtube.com/watch?v=oNgQX8E5gPs,oNgQX8E5gPs,lesson_dfir_97_plaso_and_log2timeline_for_linux_RICH.json,broken,
dfir,Comprehensive Linux Timeline Analysis Lab,Memory Forensics with Volatility - 13Cubed,https://www.youtube.com/watch?v=BMFCdAGxVN4,BMFCdAGxVN4,lesson_dfir_98_comprehensive_linux_timeline_analysis_lab_RICH.json,valid,
dfir,Installing and Configuring Volatility 3 for Linux,Linux Forensics Fundamentals - 13Cubed,https://www.youtube.com/watch?v=oNgQX8E5gPs,oNgQX8E5gPs,lesson_dfir_99_installing_and_configuring_volatility_3_for_linux_RICH.json,broken,
fundamentals,Security Compliance Frameworks Overview,AWS Security Best Practices - FreeCodeCamp,https://www.youtube.com/watch?v=kLCKVBMXkKE,kLCKVBMXkKE,lesson_fundamentals_13_security_compliance_frameworks_overview_RICH.json,broken,
fundamentals,Risk Management and Assessment,Timeline Analysis for DFIR - SANS DFIR Summit,https://www.youtube.com/watch?v=dFKC-4RLBGw,dFKC-4RLBGw,lesson_fundamentals_14_risk_management_and_assessment_RICH.json,broken,
fundamentals,Security Audit and Assessment Methodologies,Web Application Penetration Testing - HackerSploit,https://www.youtube.com/watch?v=X4eRbHgRawI,X4eRbHgRawI,lesson_fundamentals_15_security_audit_and_assessment_methodologies_RICH.json,valid,
iot_security,IoT Security Fundamentals,Active Directory Fundamentals - Pentester Academy,https://www.youtube.com/watch?v=lFwJVWx2ulQ,lFwJVWx2ulQ,lesson_iot_security_01_iot_security_fundamentals_RICH.json,broken,
iot_security,Industrial Control Systems Security,SIEM Fundamentals - Splunk Tutorial,https://www.youtube.com/watch?v=GJK1wzHp_LE,GJK1wzHp_LE,lesson_iot_security_02_industrial_control_systems_security_RICH.json,broken,
iot_security,OT Network Monitoring and Detection,Timeline Analysis for DFIR - SANS DFIR Summit,https://www.youtube.com/watch?v=dFKC-4RLBGw,dFKC-4RLBGw,lesson_iot_security_03_ot_network_monitoring_and_detection_RICH.json,broken,
iot_security,IoT Penetration Testing,Timeline Analysis for DFIR - SANS DFIR Summit,https://www.youtube.com/watch?v=dFKC-4RLBGw,dFKC-4RLBGw,lesson_iot_security_04_iot_penetration_testing_RICH.json,broken,
linux,Linux Security Hardening,Linux Forensics Fundamentals - 13Cubed,https://www.youtube.com/watch?v=oNgQX8E5gPs,oNgQX8E5gPs,lesson_linux_13_linux_security_hardening_RICH.json,broken,
linux,Docker and Container Security,AWS Security Best Practices - FreeCodeCamp,https://www.youtube.com/watch?v=kLCKVBMXkKE,kLCKVBMXkKE,lesson_linux_14_docker_and_container_security_RICH.json,broken,
linux,Kubernetes Security Architecture,AWS Security Best Practices - FreeCodeCamp,https://www.youtube.com/watch?v=kLCKVBMXkKE,kLCKVBMXkKE,lesson_linux_15_kubernetes_security_architecture_RICH.json,broken,
linux,Linux Rootkit Detection and Analysis,Timeline Analysis for DFIR - SANS DFIR Summit,https://www.youtube.com/watch?v=dFKC-4RLBGw,dFKC-4RLBGw,lesson_linux_16_linux_rootkit_detection_and_analysis_RICH.json,broken,
malware,APT Malware Case Studies,Malware Analysis Fundamentals - SANS,https://www.youtube.com/watch?v=qJz6pHsP7YQ,qJz6pHsP7YQ,lesson_malware_17_apt_malware_case_studies_RICH.json,broken,
malware,Mobile Malware Analysis,Timeline Analysis for DFIR - SANS DFIR Summit,https://www.youtube.com/watch?v=dFKC-4RLBGw,dFKC-4RLBGw,lesson_malware_18_mobile_malware_analysis_RICH.json,broken,
malware,macOS Malware Analysis,Timeline Analysis for DFIR - SANS DFIR Summit,https://www.youtube.com/watch?v=dFKC-4RLBGw,dFKC-4RLBGw,lesson_malware_19_macos_malware_analysis_RICH.json,broken,
malware,Malware Sandboxing and Automated Analysis,Timeline Analysis for DFIR - SANS DFIR Summit,https://www.youtube.com/watch?v=dFKC-4RLBGw,dFKC-4RLBGw,lesson_malware_20_malware_sandboxing_and_automated_analysis_RICH.json,broken,
osint,OSINT Fundamentals & Ethics,"Open Source Intelligence (OSINT) in 5 Minutes"" by CyberInsights""",https://www.youtube.com/watch?v=qwA6MmbeGNo,qwA6MmbeGNo,lesson_osint_01_fundamentals_ethics_RICH.json,valid,
osint,Google Dorking & Search Mastery,"Google Dorking (Google Hacking) Tutorial - How to Use Google Dorks for Penetration Testing"" by The Cyber Mentor""",https://www.youtube.com/watch?v=u_gOnwWEXiA,u_gOnwWEXiA,lesson_osint_02_google_dorking_RICH.json,valid,
osint,Social Media Intelligence (SOCMINT),"Social Media OSINT - The Complete Course"" by Trace Labs""",https://www.youtube.com/watch?v=LQwup_D8QBk,LQwup_D8QBk,lesson_osint_03_social_media_intelligence_RICH.json,valid,
osint,DNS & Infrastructure OSINT,"DNS Reconnaissance for Penetration Testing"" by HackerSploit""",https://www.youtube.com/watch?v=Sa5LbKqCmFI,Sa5LbKqCmFI,lesson_osint_04_dns_infrastructure_RICH.json,valid,
osint,Shodan & IoT Search,"Shodan - The Security Search Engine"" by NetworkChuck""",https://www.youtube.com/watch?v=r-7rFx2RIuU,r-7rFx2RIuU,lesson_osint_05_shodan_iot_search_RICH.json,valid,
osint,Email & Username Intelligence,Unknown,https://www.youtube.com/watch?v=g5UHijJ_Jo0,g5UHijJ_Jo0,lesson_osint_06_email_username_intelligence_RICH.json,valid,
osint,Image & Geolocation Intelligence,Unknown,https://www.youtube.com/watch?v=Ygw-8Eof36I,Ygw-8Eof36I,lesson_osint_07_image_geolocation_intelligence_RICH.json,valid,
osint,Maltego & Relationship Mapping,Unknown,https://www.youtube.com/watch?v=aLq9RAD61gU,aLq9RAD61gU,lesson_osint_08_maltego_relationship_mapping_RICH.json,valid,
osint,Dark Web & Paste Site Monitoring,Unknown,https://www.youtube.com/watch?v=OOE-tdiQeGI,OOE-tdiQeGI,lesson_osint_09_dark_web_paste_monitoring_RICH.json,valid,
osint,OSINT Automation & Tool Integration,Unknown,https://www.youtube.com/watch?v=Sa5LbKqCmFI,Sa5LbKqCmFI,lesson_osint_10_automation_tool_integration_RICH.json,valid,
osint,Dark Web Monitoring and Intelligence Gathering,OSINT Fundamentals - The Cyber Mentor,https://www.youtube.com/watch?v=qwA6MmbeGNo,qwA6MmbeGNo,lesson_osint_11_dark_web_monitoring_and_intelligence_gathering_RICH.json,valid,
osint,Cryptocurrency Tracking and Blockchain Intelligence,Timeline Analysis for DFIR - SANS DFIR Summit,https://www.youtube.com/watch?v=dFKC-4RLBGw,dFKC-4RLBGw,lesson_osint_12_cryptocurrency_tracking_and_blockchain_intelligence_RICH.json,broken,
osint,Satellite Imagery and Geospatial Intelligence,Google Dorking Tutorial - NetworkChuck,https://www.youtube.com/watch?v=hrVa_dhD-iA,hrVa_dhD-iA,lesson_osint_13_satellite_imagery_and_geospatial_intelligence_RICH.json,valid,
osint,Advanced Social Engineering for OSINT,Reverse Engineering Tutorial - LiveOverflow,https://www.youtube.com/watch?v=gh2RXE9BIN8,gh2RXE9BIN8,lesson_osint_14_advanced_social_engineering_for_osint_RICH.json,valid,
osint,OSINT Automation and API Integration,Shodan Tutorial - NetworkChuck,https://www.youtube.com/watch?v=bF3k6qvzOqI,bF3k6qvzOqI,lesson_osint_15_osint_automation_and_api_integration_RICH.json,broken,
osint,Threat Intelligence Platforms,Threat Hunting Fundamentals - SANS,https://www.youtube.com/watch?v=Xg5CClMxp_o,Xg5CClMxp_o,lesson_osint_16_threat_intelligence_platforms_RICH.json,broken,
osint,STIX TAXII and Intelligence Sharing,OSINT Fundamentals - The Cyber Mentor,https://www.youtube.com/watch?v=qwA6MmbeGNo,qwA6MmbeGNo,lesson_osint_17_stix_taxii_and_intelligence_sharing_RICH.json,valid,
osint,Adversary Infrastructure Tracking,Timeline Analysis for DFIR - SANS DFIR Summit,https://www.youtube.com/watch?v=dFKC-4RLBGw,dFKC-4RLBGw,lesson_osint_18_adversary_infrastructure_tracking_RICH.json,broken,
osint,Malware Intelligence and Campaign Tracking,Malware Analysis Fundamentals - SANS,https://www.youtube.com/watch?v=qJz6pHsP7YQ,qJz6pHsP7YQ,lesson_osint_19_malware_intelligence_and_campaign_tracking_RICH.json,broken,
osint,OSINT to Detection Pipeline,Detection Engineering - SpecterOps,https://www.youtube.com/watch?v=zKrthemLKqQ,zKrthemLKqQ,lesson_osint_20_osint_to_detection_pipeline_RICH.json,broken,
osint,Cybercrime Intelligence Fundamentals,Unknown,https://www.youtube.com/watch?v=nlqXEZ4YvhM,nlqXEZ4YvhM,lesson_osint_21_cybercrime_intelligence_fundamentals_RICH.json,valid,
osint,Cyberattack Profiling and Frameworks,Unknown,https://www.youtube.com/watch?v=Sa5LbKqCmFI,Sa5LbKqCmFI,lesson_osint_22_cyberattack_profiling_and_frameworks_RICH.json,valid,
osint,Operational Security for Investigators,Unknown,https://www.youtube.com/watch?v=6OTVOUicKOI,6OTVOUicKOI,lesson_osint_23_operational_security_for_investigators_RICH.json,valid,
osint,Persona Development and Sock Puppet Management,Unknown,https://www.youtube.com/watch?v=nlqXEZ4YvhM,nlqXEZ4YvhM,lesson_osint_24_persona_development_and_sock_puppet_management_RICH.json,valid,
osint,Attribution Tools and Techniques,Unknown,https://www.youtube.com/watch?v=Sa5LbKqCmFI,Sa5LbKqCmFI,lesson_osint_25_attribution_tools_and_techniques_RICH.json,valid,
osint,Blockchain and Cryptocurrency Fundamentals,Unknown,https://www.youtube.com/watch?v=Sa5LbKqCmFI,Sa5LbKqCmFI,lesson_osint_26_blockchain_and_cryptocurrency_fundamentals_RICH.json,valid,
osint,Cryptocurrency Tracing and Wallet Clustering,Unknown,https://www.youtube.com/watch?v=X42eA1LnGLE,X42eA1LnGLE,lesson_osint_27_cryptocurrency_tracing_and_wallet_clustering_RICH.json,valid,
osint,Cryptocurrency Laundering Techniques,Unknown,https://www.youtube.com/watch?v=fgvXedUY4EE,fgvXedUY4EE,lesson_osint_28_cryptocurrency_laundering_techniques_RICH.json,valid,
osint,Cryptocurrency Attribution and FININT,Unknown,https://www.youtube.com/watch?v=X42eA1LnGLE,X42eA1LnGLE,lesson_osint_29_cryptocurrency_attribution_and_finint_RICH.json,valid,
osint,Ransomware Payment Tracing,Unknown,https://www.youtube.com/watch?v=nlqXEZ4YvhM,nlqXEZ4YvhM,lesson_osint_30_ransomware_payment_tracing_RICH.json,valid,
osint,Cybercrime Underground Ecosystem,Unknown,https://www.youtube.com/watch?v=nlqXEZ4YvhM,nlqXEZ4YvhM,lesson_osint_31_cybercrime_underground_ecosystem_RICH.json,valid,
osint,Initial Access Brokers and Affiliate Networks,Unknown,https://www.youtube.com/watch?v=fgvXedUY4EE,fgvXedUY4EE,lesson_osint_32_initial_access_brokers_and_affiliate_networks_RICH.json,valid,
osint,Investigating Cybercrime Infrastructure,Unknown,https://www.youtube.com/watch?v=nlqXEZ4YvhM,nlqXEZ4YvhM,lesson_osint_33_investigating_cybercrime_infrastructure_RICH.json,valid,
osint,Victimology and Campaign Tracking,Unknown,https://www.youtube.com/watch?v=nlqXEZ4YvhM,nlqXEZ4YvhM,lesson_osint_34_victimology_and_campaign_tracking_RICH.json,valid,
osint,Malware and Exploit Service Profiling,Unknown,https://www.youtube.com/watch?v=nlqXEZ4YvhM,nlqXEZ4YvhM,lesson_osint_35_malware_and_exploit_service_profiling_RICH.json,valid,
osint,Underground Forum Behavioral Analysis,Unknown,https://www.youtube.com/watch?v=fgvXedUY4EE,fgvXedUY4EE,lesson_osint_36_underground_forum_behavioral_analysis_RICH.json,valid,
osint,Dark Web Data Collection and Scraping,Unknown,https://www.youtube.com/watch?v=OOE-tdiQeGI,OOE-tdiQeGI,lesson_osint_37_dark_web_data_collection_and_scraping_RICH.json,valid,
pentest,Active Information Gathering,Unknown,https://www.youtube.com/watch?v=4t4kBkMsDbQ,4t4kBkMsDbQ,lesson_pentest_04_active_information_gathering_RICH.json,valid,
pentest,Active Information Gathering,Unknown,https://www.youtube.com/watch?v=PS677owUk-c,PS677owUk-c,lesson_pentest_04_active_information_gathering_RICH.json,valid,
pentest,Web Application Penetration Testing Fundamentals,Unknown,https://www.youtube.com/watch?v=2OPVViV-GQk,2OPVViV-GQk,lesson_pentest_05_web_app_pentesting_RICH.json,valid,
pentest,Web Application Penetration Testing Fundamentals,Unknown,https://www.youtube.com/watch?v=nVj8MUKkzQk,nVj8MUKkzQk,lesson_pentest_05_web_app_pentesting_RICH.json,valid,
pentest,Burp Suite Deep Dive for Web Application Testing,Unknown,https://www.youtube.com/watch?v=QiNLNDSLuJY,QiNLNDSLuJY,lesson_pentest_10_burp_suite_deep_dive_RICH.json,valid,
pentest,Web Application Enumeration & Inspection,Unknown,https://www.youtube.com/watch?v=Xodd8YNX-Cc,Xodd8YNX-Cc,lesson_pentest_11_web_enumeration_inspection_RICH.json,valid,
pentest,Directory Traversal Exploitation Playbook,Unknown,https://www.youtube.com/watch?v=99yJtmmtrJU,99yJtmmtrJU,lesson_pentest_12_directory_traversal_RICH.json,valid,
pentest,File Inclusion Vulnerabilities: LFI and RFI,Unknown,https://www.youtube.com/watch?v=v6VzMdiwxsE,v6VzMdiwxsE,lesson_pentest_13_file_inclusion_lfi_rfi_RICH.json,valid,
pentest,File Upload Vulnerabilities: Complete Exploitation,Unknown,https://www.youtube.com/watch?v=YAFVGQ-lBoM,YAFVGQ-lBoM,lesson_pentest_14_file_upload_vulnerabilities_RICH.json,valid,
pentest,REST API Penetration Testing,Web Application Penetration Testing - HackerSploit,https://www.youtube.com/watch?v=X4eRbHgRawI,X4eRbHgRawI,lesson_pentest_32_rest_api_penetration_testing_RICH.json,valid,
pentest,JWT and OAuth Security Testing,Web Application Penetration Testing - HackerSploit,https://www.youtube.com/watch?v=X4eRbHgRawI,X4eRbHgRawI,lesson_pentest_33_jwt_and_oauth_security_testing_RICH.json,valid,
pentest,Modern JavaScript Framework Security,SQL Injection Explained - Computerphile,https://www.youtube.com/watch?v=ciNHn38EyRc,ciNHn38EyRc,lesson_pentest_34_modern_javascript_framework_security_RICH.json,valid,
pentest,Serverless Application Security Testing,SQL Injection Explained - Computerphile,https://www.youtube.com/watch?v=ciNHn38EyRc,ciNHn38EyRc,lesson_pentest_35_serverless_application_security_testing_RICH.json,valid,
pentest,Container and Kubernetes Penetration Testing,Web Application Penetration Testing - HackerSploit,https://www.youtube.com/watch?v=X4eRbHgRawI,X4eRbHgRawI,lesson_pentest_36_container_and_kubernetes_penetration_testing_RICH.json,valid,
pentest,Network Scanning and Enumeration with Nmap,Unknown,https://www.youtube.com/watch?v=4t4kBkMsDbQ,4t4kBkMsDbQ,lesson_pentest_37_network_scanning_and_enumeration_with_nmap_RICH.json,valid,
pentest,Cloud Asset Discovery and Scanning,Unknown,https://www.youtube.com/watch?v=TA1rCRyHRsM,TA1rCRyHRsM,lesson_pentest_38_cloud_asset_discovery_and_scanning_RICH.json,valid,
pentest,Multi-Purpose Netcat and Pivoting,Unknown,https://www.youtube.com/watch?v=RRZxDphUD5A,RRZxDphUD5A,lesson_pentest_39_multi_purpose_netcat_and_pivoting_RICH.json,valid,
pentest,MITRE ATT&CK Framework Application,Unknown,https://www.youtube.com/watch?v=WmQPtk3Ybxs,WmQPtk3Ybxs,lesson_pentest_40_mitre_att_ck_framework_application_RICH.json,valid,
pentest,Password Attacks Trifecta,Unknown,https://www.youtube.com/watch?v=eZygt-s_e3I,eZygt-s_e3I,lesson_pentest_41_password_attacks_trifecta_RICH.json,valid,
pentest,Microsoft 365 Authentication Attacks,Unknown,https://www.youtube.com/watch?v=qItXM_oPmbA,qItXM_oPmbA,lesson_pentest_42_microsoft_365_authentication_attacks_RICH.json,valid,
pentest,Password Cracking with Hashcat,Unknown,https://www.youtube.com/watch?v=z4_oqTZJqCo,z4_oqTZJqCo,lesson_pentest_43_password_cracking_with_hashcat_RICH.json,valid,
pentest,Metasploit Framework Exploitation,Unknown,https://www.youtube.com/watch?v=cb1jCgDaM60,cb1jCgDaM60,lesson_pentest_44_metasploit_framework_exploitation_RICH.json,valid,
pentest,Offensive AI and Automation,Unknown,https://www.youtube.com/watch?v=11glHWGSwVA,11glHWGSwVA,lesson_pentest_45_offensive_ai_and_automation_RICH.json,valid,
pentest,Forced Browsing and IDOR Attacks,Unknown,https://www.youtube.com/watch?v=2HXajIHBBww,2HXajIHBBww,lesson_pentest_46_forced_browsing_and_idor_attacks_RICH.json,valid,
pentest,Command Injection Attacks,Unknown,https://www.youtube.com/watch?v=-3KkhMERCAw,-3KkhMERCAw,lesson_pentest_47_command_injection_attacks_RICH.json,valid,
pentest,Cross-Site Scripting (XSS) Exploitation,Unknown,https://www.youtube.com/watch?v=PPzn4K2ZjfY,PPzn4K2ZjfY,lesson_pentest_48_cross_site_scripting_xss_exploitation_RICH.json,valid,
pentest,SQL Injection Attacks,Unknown,https://www.youtube.com/watch?v=qFUOLkEk8AQ,qFUOLkEk8AQ,lesson_pentest_49_sql_injection_attacks_RICH.json,valid,
pentest,API Security Testing,Unknown,https://www.youtube.com/watch?v=ZPrDyLyuWYI,ZPrDyLyuWYI,lesson_pentest_50_api_security_testing_RICH.json,valid,
pentest,Insecure Cloud Storage Exploitation,Unknown,https://www.youtube.com/watch?v=dUzu_wUXOIQ,dUzu_wUXOIQ,lesson_pentest_51_insecure_cloud_storage_exploitation_RICH.json,valid,
pentest,Endpoint Protection Bypass Techniques,Unknown,https://www.youtube.com/watch?v=fREZxSax5Bk,fREZxSax5Bk,lesson_pentest_52_endpoint_protection_bypass_techniques_RICH.json,valid,
pentest,Pivoting and Lateral Movement with C2,Unknown,https://www.youtube.com/watch?v=YA8meWQflc4,YA8meWQflc4,lesson_pentest_53_pivoting_and_lateral_movement_with_c2_RICH.json,valid,
pentest,Network Hijacking and MitM Attacks,Unknown,https://www.youtube.com/watch?v=524-qTiaITU,524-qTiaITU,lesson_pentest_54_network_hijacking_and_mitm_attacks_RICH.json,valid,
pentest,Establishing Persistence Mechanisms,Unknown,https://www.youtube.com/watch?v=VqDY2Tfz6Qw,VqDY2Tfz6Qw,lesson_pentest_55_establishing_persistence_mechanisms_RICH.json,valid,
pentest,AI Prompt Injection Attacks,Unknown,https://www.youtube.com/watch?v=jrHRe9lSqqA,jrHRe9lSqqA,lesson_pentest_56_ai_prompt_injection_attacks_RICH.json,valid,
red_team,Domain Fronting and CDN-Based C2,Azure Security Fundamentals - John Savill,https://www.youtube.com/watch?v=OR-0kxDa6-s,OR-0kxDa6-s,lesson_red_team_58_domain_fronting_and_cdn_based_c2_RICH.json,broken,
red_team,Living Off the Land Binaries and Scripts,Windows Registry Forensics - 13Cubed,https://www.youtube.com/watch?v=2Kn0TDbKqYw,2Kn0TDbKqYw,lesson_red_team_59_living_off_the_land_binaries_and_scripts_RICH.json,broken,
red_team,Advanced Process Injection Techniques,SQL Injection Explained - Computerphile,https://www.youtube.com/watch?v=ciNHn38EyRc,ciNHn38EyRc,lesson_red_team_60_advanced_process_injection_techniques_RICH.json,valid,
red_team,Anti-Forensics and Log Evasion,Memory Forensics with Volatility - 13Cubed,https://www.youtube.com/watch?v=BMFCdAGxVN4,BMFCdAGxVN4,lesson_red_team_61_anti_forensics_and_log_evasion_RICH.json,valid,
red_team,Red Team Operations Planning and Execution,Red Team Operations - John Hammond,https://www.youtube.com/watch?v=H8W3UghRxac,H8W3UghRxac,lesson_red_team_62_red_team_operations_planning_and_execution_RICH.json,broken,
red_team,Adversary Simulation and Emulation Frameworks,Red Team Operations - John Hammond,https://www.youtube.com/watch?v=H8W3UghRxac,H8W3UghRxac,lesson_red_team_63_adversary_simulation_and_emulation_frameworks_RICH.json,broken,
system,macOS Architecture and Security Model,AWS Security Best Practices - FreeCodeCamp,https://www.youtube.com/watch?v=kLCKVBMXkKE,kLCKVBMXkKE,lesson_system_17_macos_architecture_and_security_model_RICH.json,broken,
system,macOS Security and Endpoint Protection,AWS Security Best Practices - FreeCodeCamp,https://www.youtube.com/watch?v=kLCKVBMXkKE,kLCKVBMXkKE,lesson_system_18_macos_security_and_endpoint_protection_RICH.json,broken,
system,Container Runtime Internals,Cybersecurity Fundamentals - NetworkChuck,https://www.youtube.com/watch?v=4t4kBkMsDbQ,4t4kBkMsDbQ,lesson_system_19_container_runtime_internals_RICH.json,valid,
system,Container Security and Isolation,AWS Security Best Practices - FreeCodeCamp,https://www.youtube.com/watch?v=kLCKVBMXkKE,kLCKVBMXkKE,lesson_system_20_container_security_and_isolation_RICH.json,broken,
system,Hypervisor Architecture and Security,AWS Security Best Practices - FreeCodeCamp,https://www.youtube.com/watch?v=kLCKVBMXkKE,kLCKVBMXkKE,lesson_system_21_hypervisor_architecture_and_security_RICH.json,broken,
system,Firmware Security and UEFI,AWS Security Best Practices - FreeCodeCamp,https://www.youtube.com/watch?v=kLCKVBMXkKE,kLCKVBMXkKE,lesson_system_22_firmware_security_and_uefi_RICH.json,broken,
threat_hunting,Threat Hunting Fundamentals,Active Directory Fundamentals - Pentester Academy,https://www.youtube.com/watch?v=lFwJVWx2ulQ,lFwJVWx2ulQ,lesson_threat_hunting_01_fundamentals_RICH.json,broken,
threat_hunting,Threat Hunting Methodologies,Timeline Analysis for DFIR - SANS DFIR Summit,https://www.youtube.com/watch?v=dFKC-4RLBGw,dFKC-4RLBGw,lesson_threat_hunting_02_methodologies_RICH.json,broken,
threat_hunting,Windows Event Log Analysis for Threat Hunters,Windows Registry Forensics - 13Cubed,https://www.youtube.com/watch?v=2Kn0TDbKqYw,2Kn0TDbKqYw,lesson_threat_hunting_03_windows_event_logs_RICH.json,broken,
threat_hunting,Network Traffic Analysis for Threat Hunting,Timeline Analysis for DFIR - SANS DFIR Summit,https://www.youtube.com/watch?v=dFKC-4RLBGw,dFKC-4RLBGw,lesson_threat_hunting_04_network_traffic_analysis_RICH.json,broken,
threat_hunting,Memory Forensics for Threat Hunting,Memory Forensics with Volatility - 13Cubed,https://www.youtube.com/watch?v=BMFCdAGxVN4,BMFCdAGxVN4,lesson_threat_hunting_05_memory_forensics_RICH.json,valid,
threat_hunting,EDR for Threat Hunters,EDR vs Antivirus - What's the Difference - NetworkChuck,https://www.youtube.com/watch?v=vnqUxKgxYC4,vnqUxKgxYC4,lesson_threat_hunting_06_edr_RICH.json,broken,
threat_hunting,Threat Intelligence for Hunting,Threat Hunting Fundamentals - SANS,https://www.youtube.com/watch?v=Xg5CClMxp_o,Xg5CClMxp_o,lesson_threat_hunting_07_threat_intelligence_RICH.json,broken,
threat_hunting,Advanced APT Hunting Techniques,Threat Hunting Fundamentals - SANS,https://www.youtube.com/watch?v=Xg5CClMxp_o,Xg5CClMxp_o,lesson_threat_hunting_08_apt_hunting_RICH.json,broken,
threat_hunting,SIEM and Data Lake Hunting at Scale,SIEM Fundamentals - Splunk Tutorial,https://www.youtube.com/watch?v=GJK1wzHp_LE,GJK1wzHp_LE,lesson_threat_hunting_09_siem_data_lake_RICH.json,broken,
threat_hunting,Purple Team Threat Hunting Exercises,Threat Hunting Fundamentals - SANS,https://www.youtube.com/watch?v=Xg5CClMxp_o,Xg5CClMxp_o,lesson_threat_hunting_10_purple_team_RICH.json,broken,
threat_hunting,Hypothesis-Driven Threat Hunting,Threat Hunting Fundamentals - SANS,https://www.youtube.com/watch?v=Xg5CClMxp_o,Xg5CClMxp_o,lesson_threat_hunting_11_hypothesis_driven_threat_hunting_RICH.json,broken,
threat_hunting,Advanced EDR Hunting Queries,EDR vs Antivirus - What's the Difference - NetworkChuck,https://www.youtube.com/watch?v=vnqUxKgxYC4,vnqUxKgxYC4,lesson_threat_hunting_12_advanced_edr_hunting_queries_RICH.json,broken,
threat_hunting,Behavioral Analytics and Anomaly Detection,Detection Engineering - SpecterOps,https://www.youtube.com/watch?v=zKrthemLKqQ,zKrthemLKqQ,lesson_threat_hunting_13_behavioral_analytics_and_anomaly_detection_RICH.json,broken,
threat_hunting,Threat Hunting Automation and Orchestration,Threat Hunting Fundamentals - SANS,https://www.youtube.com/watch?v=Xg5CClMxp_o,Xg5CClMxp_o,lesson_threat_hunting_14_threat_hunting_automation_and_orchestration_RICH.json,broken,
threat_hunting,Building and Operating a Threat Hunt Team,Threat Hunting Fundamentals - SANS,https://www.youtube.com/watch?v=Xg5CClMxp_o,Xg5CClMxp_o,lesson_threat_hunting_15_building_and_operating_a_threat_hunt_team_RICH.json,broken,
threat_hunting,Undercover Persona Operations,Unknown,https://www.youtube.com/watch?v=aR1dRVCBsb8,aR1dRVCBsb8,lesson_threat_hunting_16_undercover_persona_operations_RICH.json,valid,
threat_hunting,HUMINT Collection in Cybercrime,Unknown,https://www.youtube.com/watch?v=G0dlEZsG1Gk,G0dlEZsG1Gk,lesson_threat_hunting_17_humint_collection_in_cybercrime_RICH.json,valid,
threat_hunting,Cybercrime Intelligence Analysis in Kibana,Unknown,https://www.youtube.com/watch?v=OE5dg69XBqQ,OE5dg69XBqQ,lesson_threat_hunting_18_cybercrime_intelligence_analysis_in_kibana_RICH.json,valid,
threat_hunting,Attribution and Disruption Strategies,Unknown,https://www.youtube.com/watch?v=ICwmK0OvHNc,ICwmK0OvHNc,lesson_threat_hunting_19_attribution_and_disruption_strategies_RICH.json,valid,
threat_hunting,Cybercrime Investigation Capstone,Unknown,https://www.youtube.com/watch?v=BTyx2dsE0Ss,BTyx2dsE0Ss,lesson_threat_hunting_20_cybercrime_investigation_capstone_RICH.json,valid,
threat_hunting,Enterprise Incident Response Management,Unknown,https://www.youtube.com/watch?v=0tnlIA9rLxA,0tnlIA9rLxA,lesson_threat_hunting_21_enterprise_incident_response_management_RICH.json,valid,
threat_hunting,Intel-Driven Incident Response and MITRE ATT&CK,Unknown,https://www.youtube.com/watch?v=0tnlIA9rLxA,0tnlIA9rLxA,lesson_threat_hunting_22_intel_driven_incident_response_and_mitre_att_ck_RICH.json,valid,
threat_hunting,Scalable Analysis with Timesketch,Unknown,https://www.youtube.com/watch?v=2QTQiH70MQ8,2QTQiH70MQ8,lesson_threat_hunting_23_scalable_analysis_with_timesketch_RICH.json,valid,
threat_hunting,Active Defense and Attack Detection,Unknown,https://www.youtube.com/watch?v=036WdtoKO8U,036WdtoKO8U,lesson_threat_hunting_24_active_defense_and_attack_detection_RICH.json,valid,
threat_hunting,Enterprise-Class IR Capstone Challenge,Unknown,https://www.youtube.com/watch?v=Awd6LFmqzqw,Awd6LFmqzqw,lesson_threat_hunting_25_enterprise_class_ir_capstone_challenge_RICH.json,valid,
threat_hunting,Dynamic Approach to Incident Response (DAIR),Unknown,https://www.youtube.com/watch?v=0tnlIA9rLxA,0tnlIA9rLxA,lesson_threat_hunting_26_dynamic_approach_to_incident_response_dair_RICH.json,valid,
threat_hunting,Network Detection and Response (NDR) Investigations,Unknown,https://www.youtube.com/watch?v=tC675iQ-zH4,tC675iQ-zH4,lesson_threat_hunting_27_network_detection_and_response_ndr_investigations_RICH.json,valid,
threat_hunting,Accelerating IR with Generative AI,Unknown,https://www.youtube.com/watch?v=tncal8VPFh8,tncal8VPFh8,lesson_threat_hunting_28_accelerating_ir_with_generative_ai_RICH.json,valid,
threat_hunting,Advanced IR Methodology and Threat Hunting,Unknown,https://www.youtube.com/watch?v=VNp35Uw_bSM,VNp35Uw_bSM,lesson_threat_hunting_29_advanced_ir_methodology_and_threat_hunting_RICH.json,valid,
threat_hunting,EDR and Advanced Memory Forensics,Unknown,https://www.youtube.com/watch?v=lFra1hCnRgo,lFra1hCnRgo,lesson_threat_hunting_30_edr_and_advanced_memory_forensics_RICH.json,valid,
web3_security,DeFi Security and Exploit Analysis,Timeline Analysis for DFIR - SANS DFIR Summit,https://www.youtube.com/watch?v=dFKC-4RLBGw,dFKC-4RLBGw,lesson_web3_security_02_defi_security_and_exploit_analysis_RICH.json,broken,
web3_security,NFT and Crypto Wallet Security,AWS Security Best Practices - FreeCodeCamp,https://www.youtube.com/watch?v=kLCKVBMXkKE,kLCKVBMXkKE,lesson_web3_security_03_nft_and_crypto_wallet_security_RICH.json,broken,
